CREATE DATABASE TEC_LMS;

USE TEC_LMS;



CREATE TABLE User (
    NIC VARCHAR(12) PRIMARY KEY,
    Name VARCHAR(100) NOT NULL,
    Password VARCHAR(100) NOT NULL,
    Email VARCHAR(100) UNIQUE NOT NULL,
    DOB DATE NOT NULL,
    Department_ID ENUM('ICT', 'BT', 'ET', 'MDS') NOT NULL,
    Department VARCHAR(100) NOT NULL,
    Role ENUM('admin', 'Lecturer', 'Dean', 'Student', 'Technical Officer') NOT NULL
);

CREATE TABLE Department (
    Dep_ID VARCHAR(5) PRIMARY KEY,
    Dep_Name VARCHAR(100) NOT NULL
);

CREATE TABLE Lecturer (
    NIC VARCHAR(12) PRIMARY KEY,
    Lecturer_ID VARCHAR(10) UNIQUE NOT NULL,
    Dep_ID VARCHAR(5) NOT NULL,
    FOREIGN KEY (NIC) REFERENCES User(NIC) ON DELETE CASCADE ON UPDATE CASCADE,
    FOREIGN KEY (Dep_ID) REFERENCES Department(Dep_ID) ON DELETE CASCADE ON UPDATE CASCADE
);

CREATE TABLE Admin (
    NIC VARCHAR(12) PRIMARY KEY,
    Admin_ID VARCHAR(10) UNIQUE NOT NULL,
    FOREIGN KEY (NIC) REFERENCES User(NIC) ON DELETE CASCADE ON UPDATE CASCADE
);

CREATE TABLE Technical_Officer (
    NIC VARCHAR(12) PRIMARY KEY,
    TO_ID VARCHAR(10) UNIQUE NOT NULL,
    Dep_ID ENUM('ICT', 'BT', 'ET', 'MDS') NOT NULL,
    FOREIGN KEY (NIC) REFERENCES User(NIC) ON DELETE CASCADE ON UPDATE CASCADE
);

CREATE TABLE Dean (
    NIC VARCHAR(12) PRIMARY KEY,
    Dep_ID ENUM('ICT', 'BT', 'ET', 'MDS') NOT NULL,
    FOREIGN KEY (NIC) REFERENCES User(NIC) ON DELETE CASCADE ON UPDATE CASCADE
);

CREATE TABLE Student (
    Student_ID VARCHAR(10) PRIMARY KEY,
    NIC VARCHAR(12),
    State VARCHAR(10) CHECK (State IN ('General', 'Repeat')) NOT NULL,
    FOREIGN KEY (NIC) REFERENCES User(NIC) ON DELETE CASCADE ON UPDATE CASCADE
);

CREATE TABLE Course (
    Course_ID VARCHAR(10) PRIMARY KEY,
    Credit INT CHECK (Credit > 0),
    Course_Type VARCHAR(50) CHECK (Course_Type IN ('Theory', 'Practical', 'Theory + Practical')),
    Course_Name VARCHAR(255),
    Dep_ID VARCHAR(5),
    Lecturer_ID VARCHAR(10),
    Course_Materials LONGBLOB,
    FOREIGN KEY (Dep_ID) REFERENCES Department(Dep_ID) ON DELETE CASCADE ON UPDATE CASCADE,
    FOREIGN KEY (Lecturer_ID) REFERENCES Lecturer(Lecturer_ID) ON DELETE CASCADE ON UPDATE CASCADE
);
    CREATE TABLE Notices (
        notice_id INT AUTO_INCREMENT PRIMARY KEY,
        title VARCHAR(255) NOT NULL,
        content TEXT NOT NULL,
        posted_date DATETIME NOT NULL,
        posted_by VARCHAR(12),
        target_role ENUM('all', 'student', 'lecturer', 'to', 'admin', 'dean') NOT NULL DEFAULT 'all',
        FOREIGN KEY (posted_by) REFERENCES User(NIC)
    );

CREATE TABLE Timetable (
    Timetable_ID INT PRIMARY KEY,
    Course_ID VARCHAR(10),
    Day VARCHAR(10),
    Start_Time TIME,
    End_Time TIME,
    Room VARCHAR(10),
    Lecturer_ID VARCHAR(10)
);

CREATE TABLE Student_Course (
    Student_ID VARCHAR(10),
    Course_ID VARCHAR(10),
    PRIMARY KEY (Student_ID, Course_ID),
    FOREIGN KEY (Student_ID) REFERENCES Student(Student_ID) ON DELETE CASCADE ON UPDATE CASCADE,
    FOREIGN KEY (Course_ID) REFERENCES Course(Course_ID) ON DELETE CASCADE ON UPDATE CASCADE
);

CREATE TABLE Marks (
    Mark_id VARCHAR(20),
    Stu_id VARCHAR(20) NOT NULL,
    Lec_id VARCHAR(20),
    Course_code VARCHAR(20) NOT NULL,
    Assignment_01 DECIMAL(5,2),
    Assignment_02 DECIMAL(5,2),
    Quiz_01 DECIMAL(5,2),
    Quiz_02 DECIMAL(5,2),
    Quiz_03 DECIMAL(5,2),
    Quiz_04 DECIMAL(5,2),
    Mid_theory DECIMAL(5,2),
    Mid_practical DECIMAL(5,2),
    End_theory DECIMAL(5,2),
    End_practical DECIMAL(5,2),
    PRIMARY KEY (Stu_id, Course_code),
    FOREIGN KEY (Stu_id) REFERENCES Student(Student_ID) ON DELETE CASCADE ON UPDATE CASCADE,
    FOREIGN KEY (Course_code) REFERENCES Course(Course_ID) ON DELETE CASCADE ON UPDATE CASCADE
);

CREATE TABLE Atendance (
    Attendance_ID INT PRIMARY KEY,
    Student_ID VARCHAR(10),
    Course_ID VARCHAR(10),
    Session_Type ENUM('Theory', 'Practical'),
    Status ENUM('Present', 'Absent','Medical'),
    Date DATE,
    FOREIGN KEY (Student_ID) REFERENCES Student(Student_ID) ON DELETE CASCADE ON UPDATE CASCADE,
    FOREIGN KEY (Course_ID) REFERENCES Course(Course_ID) ON DELETE CASCADE ON UPDATE CASCADE
);

CREATE TABLE Medical (
    Medical_ID INT AUTO_INCREMENT PRIMARY KEY,
    Student_ID VARCHAR(10) NOT NULL,
    Course_ID VARCHAR(10) NOT NULL,
    Date DATE NOT NULL,
    Reason TEXT,
    Document LONGBLOB,
    File_Name VARCHAR(255),
    File_Type VARCHAR(50),
    Status ENUM('Pending', 'Approved', 'Rejected') DEFAULT 'Approved',
    TO_ID VARCHAR(10),
    FOREIGN KEY (Student_ID) REFERENCES Student(Student_ID) ON DELETE CASCADE ON UPDATE CASCADE,
    FOREIGN KEY (Course_ID) REFERENCES Course(Course_ID) ON DELETE CASCADE ON UPDATE CASCADE,
    FOREIGN KEY (TO_ID) REFERENCES Technical_Officer(TO_ID) ON DELETE CASCADE ON UPDATE CASCADE
);

CREATE TABLE files (
    file_id VARCHAR(50) NOT NULL UNIQUE,
    filename VARCHAR(255) NOT NULL,
    course_id VARCHAR(50) NOT NULL,
    upload_date TIMESTAMP DEFAULT CURRENT_TIMESTAMP,
    FOREIGN KEY (course_id) REFERENCES Course(Course_ID) ON DELETE CASCADE ON UPDATE CASCADE
);

INSERT INTO Department (Dep_ID, Dep_Name) VALUES
('ICT', 'Information and Communication Technology'),
('ET', 'Engineering Technology'),
('BT', 'Bio System Technology'),
('MDS', 'Multideceplinary');

INSERT INTO User (NIC, Name, Password, Email, DOB, Department_ID, Department, Role) VALUES
('100133445V', 'J.K.Warnath', '$2a$10$YdjTAWaBcioVqzUwwfRQJuUnmS3rJ9sfcLMiNlwiEST62kQ3FD576', 'admin@tech.ruh.ac.lk', '1985-06-15', 'ICT', 'Information and Communication Technology', 'admin'),
('921112348V', 'J.K.Dharmarathna', '$2a$10$YdjTAWaBcioVqzUwwfRQJuUnmS3rJ9sfcLMiNlwiEST62kQ3FD576', 'Dean@tech.ruh.ac.lk', '1985-06-15', 'ICT', 'Information and Communication Technology', 'Dean'),
('921112345V', 'A.Piyal', '$2a$10$YdjTAWaBcioVqzUwwfRQJuUnmS3rJ9sfcLMiNlwiEST62kQ3FD576', 'lecturer1@tech.ruh.ac.lk', '1978-02-12', 'ICT', 'Information and Communication Technology', 'Lecturer'),
('921122345V', 'A.Amal', '$2a$10$YdjTAWaBcioVqzUwwfRQJuUnmS3rJ9sfcLMiNlwiEST62kQ3FD576', 'lecturer2@tech.ruh.ac.lk', '1980-09-28', 'ICT', 'Information and Communication Technology', 'Lecturer'),
('921162345V', 'P.Sunil', '$2a$10$YdjTAWaBcioVqzUwwfRQJuUnmS3rJ9sfcLMiNlwiEST62kQ3FD576', 'lecturer3@tech.ruh.ac.lk', '1982-03-21', 'ICT', 'Information and Communication Technology', 'Lecturer'),
('921172345V', 'N.Kapila', '$2a$10$YdjTAWaBcioVqzUwwfRQJuUnmS3rJ9sfcLMiNlwiEST62kQ3FD576', 'lecturer4@tech.ruh.ac.lk', '1981-12-11', 'ICT', 'Information and Communication Technology', 'Lecturer'),
('921182345V', 'S.Wasantha', '$2a$10$YdjTAWaBcioVqzUwwfRQJuUnmS3rJ9sfcLMiNlwiEST62kQ3FD576', 'lecturer5@tech.ruh.ac.lk', '1979-07-04', 'MDS', 'MultiDeciplinary', 'Lecturer'),
('921192345V', 'L.Nuwan', '$2a$10$YdjTAWaBcioVqzUwwfRQJuUnmS3rJ9sfcLMiNlwiEST62kQ3FD576', 'lecturer6@tech.ruh.ac.lk', '1979-07-04', 'MDS', 'MultiDeciplinary', 'Lecturer'),
('931112345V', 'M.Champika', '$2a$10$YdjTAWaBcioVqzUwwfRQJuUnmS3rJ9sfcLMiNlwiEST62kQ3FD576', 'tech1@tech.ruh.ac.lk', '1986-11-06', 'ICT', 'Information and Communication Technology', 'Technical Officer'),
('931122345V', 'S.Siwakumar', '$2a$10$YdjTAWaBcioVqzUwwfRQJuUnmS3rJ9sfcLMiNlwiEST62kQ3FD576', 'tech2@tech.ruh.ac.lk', '1987-05-22', 'ICT', 'Engineering Technology', 'Technical Officer'),
('931132345V', 'L.Indika', '$2a$10$YdjTAWaBcioVqzUwwfRQJuUnmS3rJ9sfcLMiNlwiEST62kQ3FD576', 'tech3@tech.ruh.ac.lk', '1984-01-30', 'ET', 'Engineering Technology', 'Technical Officer'),
('931142345V', 'Y.Chandika', '$2a$10$YdjTAWaBcioVqzUwwfRQJuUnmS3rJ9sfcLMiNlwiEST62kQ3FD576', 'tech4@tech.ruh.ac.lk', '1983-08-09', 'MDS', 'MultiDeciplinary', 'Technical Officer'),
('931152345V', 'R.Rama', '$2a$10$YdjTAWaBcioVqzUwwfRQJuUnmS3rJ9sfcLMiNlwiEST62kQ3FD576', 'tech5@tech.ruh.ac.lk', '1983-08-09', 'BT', 'Bio System Technology', 'Technical Officer'),
('931162345V', 'R.Ranjith', '$2a$10$YdjTAWaBcioVqzUwwfRQJuUnmS3rJ9sfcLMiNlwiEST62kQ3FD576', 'tech6@tech.ruh.ac.lk', '1983-08-18', 'ICT', 'Information and Communication Technology', 'Technical Officer'),
('101113445V', 'P.Seetha', '$2a$10$YdjTAWaBcioVqzUwwfRQJuUnmS3rJ9sfcLMiNlwiEST62kQ3FD576', 'student1@tech.ruh.ac.lk', '2003-10-17', 'ICT', 'Information and Communication Technology', 'Student'),
('101123445V', 'A.Sanjeewa', '$2a$10$YdjTAWaBcioVqzUwwfRQJuUnmS3rJ9sfcLMiNlwiEST62kQ3FD576', 'student2@tech.ruh.ac.lk', '2004-03-22', 'ICT', 'Information and Communication Technology', 'Student'),
('101133445V', 'K.Pubudu', '$2a$10$YdjTAWaBcioVqzUwwfRQJuUnmS3rJ9sfcLMiNlwiEST62kQ3FD576', 'student3@tech.ruh.ac.lk', '2003-05-14', 'ICT', 'Information and Communication Technology', 'Student'),
('101143445V', 'Kavindu Krishan', '$2a$10$YdjTAWaBcioVqzUwwfRQJuUnmS3rJ9sfcLMiNlwiEST62kQ3FD576', 'student4@tech.ruh.ac.lk', '2005-03-01', 'ICT', 'Information and Communication Technology', 'Student'),
('101153445V', 'Dinuka Rajapaksha', '$2a$10$YdjTAWaBcioVqzUwwfRQJuUnmS3rJ9sfcLMiNlwiEST62kQ3FD576', 'student5@tech.ruh.ac.lk', '2005-06-04', 'ICT', 'Information and Communication Technology', 'Student'),
('101163445V', 'Tharushi Madushani', '$2a$10$YdjTAWaBcioVqzUwwfRQJuUnmS3rJ9sfcLMiNlwiEST62kQ3FD576', 'student6@tech.ruh.ac.lk', '2006-06-24', 'ICT', 'Information and Communication Technology', 'Student'),
('101173445V', 'Sandun Perera', '$2a$10$YdjTAWaBcioVqzUwwfRQJuUnmS3rJ9sfcLMiNlwiEST62kQ3FD576', 'student7@tech.ruh.ac.lk', '2005-10-21', 'ICT', 'Information and Communication Technology', 'Student'),
('101183445V', 'Ishara Fernando', '$2a$10$YdjTAWaBcioVqzUwwfRQJuUnmS3rJ9sfcLMiNlwiEST62kQ3FD576', 'student8@tech.ruh.ac.lk', '2003-10-05', 'ICT', 'Information and Communication Technology', 'Student'),
('101193445V', 'Nadeesha Lakshan', '$2a$10$YdjTAWaBcioVqzUwwfRQJuUnmS3rJ9sfcLMiNlwiEST62kQ3FD576', 'student9@tech.ruh.ac.lk', '2003-12-14', 'ICT', 'Information and Communication Technology', 'Student'),
('101203445V', 'Pavithra Manohari', '$2a$10$YdjTAWaBcioVqzUwwfRQJuUnmS3rJ9sfcLMiNlwiEST62kQ3FD576', 'student10@tech.ruh.ac.lk', '2004-03-18', 'ICT', 'Information and Communication Technology', 'Student'),
('101213445V', 'Sasindu Liyanage', '$2a$10$YdjTAWaBcioVqzUwwfRQJuUnmS3rJ9sfcLMiNlwiEST62kQ3FD576', 'student11@tech.ruh.ac.lk', '2006-09-22', 'ICT', 'Information and Communication Technology', 'Student'),
('101223445V', 'Chamodi Jayasundara', '$2a$10$YdjTAWaBcioVqzUwwfRQJuUnmS3rJ9sfcLMiNlwiEST62kQ3FD576', 'student12@tech.ruh.ac.lk', '2006-07-02', 'ICT', 'Information and Communication Technology', 'Student'),
('101233445V', 'Ravindu Abeywickrama', '$2a$10$YdjTAWaBcioVqzUwwfRQJuUnmS3rJ9sfcLMiNlwiEST62kQ3FD576', 'student13@tech.ruh.ac.lk', '2005-09-02', 'ICT', 'Information and Communication Technology', 'Student'),
('101243445V', 'Thushara Gamage', '$2a$10$YdjTAWaBcioVqzUwwfRQJuUnmS3rJ9sfcLMiNlwiEST62kQ3FD576', 'student14@tech.ruh.ac.lk', '2004-09-13', 'ICT', 'Information and Communication Technology', 'Student'),
('101253445V', 'Pradeep Kumara', '$2a$10$YdjTAWaBcioVqzUwwfRQJuUnmS3rJ9sfcLMiNlwiEST62kQ3FD576', 'student15@tech.ruh.ac.lk', '2007-01-24', 'ICT', 'Information and Communication Technology', 'Student'),
('101263445V', 'Hasini Wijesinghe', '$2a$10$YdjTAWaBcioVqzUwwfRQJuUnmS3rJ9sfcLMiNlwiEST62kQ3FD576', 'student16@tech.ruh.ac.lk', '2004-12-20', 'ICT', 'Information and Communication Technology', 'Student'),
('101273445V', 'Kalana Bandara', '$2a$10$YdjTAWaBcioVqzUwwfRQJuUnmS3rJ9sfcLMiNlwiEST62kQ3FD576', 'student17@tech.ruh.ac.lk', '2005-12-09', 'ICT', 'Information and Communication Technology', 'Student'),
('101283445V', 'Sewwandi Priyanga', '$2a$10$YdjTAWaBcioVqzUwwfRQJuUnmS3rJ9sfcLMiNlwiEST62kQ3FD576', 'student18@tech.ruh.ac.lk', '2005-02-25', 'ICT', 'Information and Communication Technology', 'Student'),
('101293445V', 'Thisara Dilshan', '$2a$10$YdjTAWaBcioVqzUwwfRQJuUnmS3rJ9sfcLMiNlwiEST62kQ3FD576', 'student19@tech.ruh.ac.lk', '2006-03-20', 'ICT', 'Information and Communication Technology', 'Student'),
('101303445V', 'Yasiru Wickramasinghe', '$2a$10$YdjTAWaBcioVqzUwwfRQJuUnmS3rJ9sfcLMiNlwiEST62kQ3FD576', 'student20@tech.ruh.ac.lk', '2006-04-15', 'ICT', 'Information and Communication Technology', 'Student');




INSERT INTO Lecturer (NIC, Lecturer_ID, Dep_ID) VALUES
('921112345V', 'L001', 'ICT'),
('921122345V', 'L002', 'ICT'),
('921162345V', 'L005', 'ICT'),
('921172345V', 'L003', 'ICT'),
('921182345V', 'L004', 'MDS'),
('921192345V', 'L006', 'MDS');

INSERT INTO Course (Course_ID, Credit, Course_Type, Course_Name, Dep_ID, Lecturer_ID, Course_Materials) VALUES
('ICT2113', 3, 'Theory + Practical', 'Data Structures and Algorithms', 'ICT', 'L001',NULL),
('ICT2122', 3, 'Theory', 'Object Oriented Programming', 'ICT', 'L002',NULL),
('ICT2133', 1, 'Practical', 'Object Oriented Programming Practicum', 'ICT', 'L003',NULL),
('ICT2142', 2, 'Theory', 'Object Oriented Analysis and Design', 'ICT', 'L004',NULL),
('ICT2152', 2, 'Theory', 'E-commerse', 'ICT', 'L001',NULL),
('ENG2122', 3, 'Theory', 'English III', 'MDS', 'L002',NULL);



 INSERT INTO student (Student_ID, NIC, State) VALUES
('S001', '101113445V', 'General'),
('S002', '101123445V', 'General'),
('S003', '101133445V', 'General'),
('S004', '101143445V', 'General'),
('S005', '101153445V', 'General'),
('S006', '101163445V', 'General'),
('S007', '101173445V', 'General'),
('S008', '101183445V', 'General'),
('S009', '101193445V', 'General'),
('S010', '101203445V', 'General'),
('S011', '101213445V', 'General'),
('S012', '101223445V', 'General'),
('S013', '101233445V', 'General'),
('S014', '101243445V', 'General'),
('S015', '101253445V', 'General'),
('S016', '101263445V', 'General'),
('S017', '101273445V', 'General'),
('S018', '101283445V', 'General'),
('S019', '101293445V', 'General'),
('S020', '101303445V', 'General');

INSERT INTO Student_Course (Student_ID, Course_ID)
SELECT S.Student_ID, C.Course_ID
FROM Student S
CROSS JOIN Course C;


INSERT INTO Dean (NIC, Dep_ID)
VALUES ('921112348V', 'ICT');

INSERT INTO Technical_Officer (NIC,TO_ID, Dep_ID) VALUES
('931112345V', 'TO01', 'ICT'),
('931122345V', 'TO02', 'ICT'),
('931132345V', 'TO03', 'ET'),
('931142345V', 'TO04', 'MDS'),
('931152345V', 'TO05', 'BT'),
('931162345V', 'TO06', 'ICT');

INSERT INTO Admin (NIC, Admin_ID) VALUES
('100133445V', 'ADMIN001');

INSERT INTO Notices (title, content, posted_date, posted_by, target_role) VALUES
('Welcome to Semester 2', 'Welcome all students to Level 01 Semester 02.', NOW(),'100133445V','student'),
('Staff Meeting', 'There will be a staff meeting on Friday.', NOW(),'921112348V','lecturer');

INSERT INTO Atendance
(Attendance_ID, Student_ID, Course_ID, Session_Type, Status, Date) VALUES
(1, 'S001', 'ICT2113', 'Theory', 'Present', '2025-01-01'),
(2, 'S002', 'ICT2113', 'Theory', 'Present', '2025-01-01'),
(3, 'S003', 'ICT2113', 'Theory', 'Present', '2025-01-01'),
(4, 'S004', 'ICT2113', 'Theory', 'Present', '2025-01-01'),
(5, 'S005', 'ICT2113', 'Theory', 'Present', '2025-01-01'),
(6, 'S006', 'ICT2113', 'Theory', 'Present', '2025-01-01'),
(7, 'S007', 'ICT2113', 'Theory', 'Present', '2025-01-01'),
(8, 'S008', 'ICT2113', 'Theory', 'Present', '2025-01-01'),
(9, 'S009', 'ICT2113', 'Theory', 'Present', '2025-01-01'),
(10, 'S010', 'ICT2113', 'Theory', 'Present', '2025-01-01'),
(11, 'S011', 'ICT2113', 'Theory', 'Absent', '2025-01-01'),
(12, 'S012', 'ICT2113', 'Theory', 'Absent', '2025-01-01'),
(13, 'S013', 'ICT2113', 'Theory', 'Present', '2025-01-01'),
(14, 'S014', 'ICT2113', 'Theory', 'Present', '2025-01-01'),
(15, 'S015', 'ICT2113', 'Theory', 'Present', '2025-01-01'),
(16, 'S016', 'ICT2113', 'Theory', 'Present', '2025-01-01'),
(17, 'S017', 'ICT2113', 'Theory', 'Present', '2025-01-01'),
(18, 'S018', 'ICT2113', 'Theory', 'Absent', '2025-01-01'),
(19, 'S019', 'ICT2113', 'Theory', 'Absent', '2025-01-01'),
(20, 'S020', 'ICT2113', 'Theory', 'Absent', '2025-01-01'),
(21, 'S001', 'ICT2113', 'Theory', 'Present', '2025-01-08'),
(22, 'S002', 'ICT2113', 'Theory', 'Present', '2025-01-08'),
(23, 'S003', 'ICT2113', 'Theory', 'Present', '2025-01-08'),
(24, 'S004', 'ICT2113', 'Theory', 'Present', '2025-01-08'),
(25, 'S005', 'ICT2113', 'Theory', 'Present', '2025-01-08'),
(26, 'S006', 'ICT2113', 'Theory', 'Absent', '2025-01-08'),
(27, 'S007', 'ICT2113', 'Theory', 'Present', '2025-01-08'),
(28, 'S008', 'ICT2113', 'Theory', 'Present', '2025-01-08'),
(29, 'S009', 'ICT2113', 'Theory', 'Present', '2025-01-08'),
(30, 'S010', 'ICT2113', 'Theory', 'Present', '2025-01-08'),
(31, 'S011', 'ICT2113', 'Theory', 'Present', '2025-01-08'),
(32, 'S012', 'ICT2113', 'Theory', 'Present', '2025-01-08'),
(33, 'S013', 'ICT2113', 'Theory', 'Present', '2025-01-08'),
(34, 'S014', 'ICT2113', 'Theory', 'Present', '2025-01-08'),
(35, 'S015', 'ICT2113', 'Theory', 'Present', '2025-01-08'),
(36, 'S016', 'ICT2113', 'Theory', 'Present', '2025-01-08'),
(37, 'S017', 'ICT2113', 'Theory', 'Present', '2025-01-08'),
(38, 'S018', 'ICT2113', 'Theory', 'Present', '2025-01-08'),
(39, 'S019', 'ICT2113', 'Theory', 'Present', '2025-01-08'),
(40, 'S020', 'ICT2113', 'Theory', 'Present', '2025-01-08'),
(41, 'S001', 'ICT2113', 'Theory', 'Present', '2025-01-15'),
(42, 'S002', 'ICT2113', 'Theory', 'Present', '2025-01-15'),
(43, 'S003', 'ICT2113', 'Theory', 'Present', '2025-01-15'),
(44, 'S004', 'ICT2113', 'Theory', 'Present', '2025-01-15'),
(45, 'S005', 'ICT2113', 'Theory', 'Present', '2025-01-15'),
(46, 'S006', 'ICT2113', 'Theory', 'Present', '2025-01-15'),
(47, 'S007', 'ICT2113', 'Theory', 'Present', '2025-01-15'),
(48, 'S008', 'ICT2113', 'Theory', 'Absent', '2025-01-15'),
(49, 'S009', 'ICT2113', 'Theory', 'Present', '2025-01-15'),
(50, 'S010', 'ICT2113', 'Theory', 'Present', '2025-01-15'),
(51, 'S011', 'ICT2113', 'Theory', 'Present', '2025-01-15'),
(52, 'S012', 'ICT2113', 'Theory', 'Absent', '2025-01-15'),
(53, 'S013', 'ICT2113', 'Theory', 'Absent', '2025-01-15'),
(54, 'S014', 'ICT2113', 'Theory', 'Present', '2025-01-15'),
(55, 'S015', 'ICT2113', 'Theory', 'Absent', '2025-01-15'),
(56, 'S016', 'ICT2113', 'Theory', 'Present', '2025-01-15'),
(57, 'S017', 'ICT2113', 'Theory', 'Present', '2025-01-15'),
(58, 'S018', 'ICT2113', 'Theory', 'Absent', '2025-01-15'),
(59, 'S019', 'ICT2113', 'Theory', 'Present', '2025-01-15'),
(60, 'S020', 'ICT2113', 'Theory', 'Absent', '2025-01-15'),
(61, 'S001', 'ICT2113', 'Theory', 'Present', '2025-01-22'),
(62, 'S002', 'ICT2113', 'Theory', 'Present', '2025-01-22'),
(63, 'S003', 'ICT2113', 'Theory', 'Present', '2025-01-22'),
(64, 'S004', 'ICT2113', 'Theory', 'Present', '2025-01-22'),
(65, 'S005', 'ICT2113', 'Theory', 'Present', '2025-01-22'),
(66, 'S006', 'ICT2113', 'Theory', 'Present', '2025-01-22'),
(67, 'S007', 'ICT2113', 'Theory', 'Present', '2025-01-22'),
(68, 'S008', 'ICT2113', 'Theory', 'Present', '2025-01-22'),
(69, 'S009', 'ICT2113', 'Theory', 'Present', '2025-01-22'),
(70, 'S010', 'ICT2113', 'Theory', 'Absent', '2025-01-22'),
(71, 'S011', 'ICT2113', 'Theory', 'Present', '2025-01-22'),
(72, 'S012', 'ICT2113', 'Theory', 'Present', '2025-01-22'),
(73, 'S013', 'ICT2113', 'Theory', 'Present', '2025-01-22'),
(74, 'S014', 'ICT2113', 'Theory', 'Present', '2025-01-22'),
(75, 'S015', 'ICT2113', 'Theory', 'Absent', '2025-01-22'),
(76, 'S016', 'ICT2113', 'Theory', 'Present', '2025-01-22'),
(77, 'S017', 'ICT2113', 'Theory', 'Present', '2025-01-22'),
(78, 'S018', 'ICT2113', 'Theory', 'Present', '2025-01-22'),
(79, 'S019', 'ICT2113', 'Theory', 'Present', '2025-01-22'),
(80, 'S020', 'ICT2113', 'Theory', 'Absent', '2025-01-22'),
(81, 'S001', 'ICT2113', 'Theory', 'Present', '2025-01-29'),
(82, 'S002', 'ICT2113', 'Theory', 'Present', '2025-01-29'),
(83, 'S003', 'ICT2113', 'Theory', 'Present', '2025-01-29'),
(84, 'S004', 'ICT2113', 'Theory', 'Present', '2025-01-29'),
(85, 'S005', 'ICT2113', 'Theory', 'Absent', '2025-01-29'),
(86, 'S006', 'ICT2113', 'Theory', 'Present', '2025-01-29'),
(87, 'S007', 'ICT2113', 'Theory', 'Present', '2025-01-29'),
(88, 'S008', 'ICT2113', 'Theory', 'Present', '2025-01-29'),
(89, 'S009', 'ICT2113', 'Theory', 'Present', '2025-01-29'),
(90, 'S010', 'ICT2113', 'Theory', 'Present', '2025-01-29'),
(91, 'S011', 'ICT2113', 'Theory', 'Present', '2025-01-29'),
(92, 'S012', 'ICT2113', 'Theory', 'Present', '2025-01-29'),
(93, 'S013', 'ICT2113', 'Theory', 'Absent', '2025-01-29'),
(94, 'S014', 'ICT2113', 'Theory', 'Present', '2025-01-29'),
(95, 'S015', 'ICT2113', 'Theory', 'Present', '2025-01-29'),
(96, 'S016', 'ICT2113', 'Theory', 'Present', '2025-01-29'),
(97, 'S017', 'ICT2113', 'Theory', 'Present', '2025-01-29'),
(98, 'S018', 'ICT2113', 'Theory', 'Present', '2025-01-29'),
(99, 'S019', 'ICT2113', 'Theory', 'Absent', '2025-01-29'),
(100, 'S020', 'ICT2113', 'Theory', 'Present', '2025-01-29'),
(101, 'S001', 'ICT2113', 'Theory', 'Present', '2025-02-05'),
(102, 'S002', 'ICT2113', 'Theory', 'Present', '2025-02-05'),
(103, 'S003', 'ICT2113', 'Theory', 'Present', '2025-02-05'),
(104, 'S004', 'ICT2113', 'Theory', 'Present', '2025-02-05'),
(105, 'S005', 'ICT2113', 'Theory', 'Present', '2025-02-05'),
(106, 'S006', 'ICT2113', 'Theory', 'Present', '2025-02-05'),
(107, 'S007', 'ICT2113', 'Theory', 'Present', '2025-02-05'),
(108, 'S008', 'ICT2113', 'Theory', 'Present', '2025-02-05'),
(109, 'S009', 'ICT2113', 'Theory', 'Present', '2025-02-05'),
(110, 'S010', 'ICT2113', 'Theory', 'Present', '2025-02-05'),
(111, 'S011', 'ICT2113', 'Theory', 'Present', '2025-02-05'),
(112, 'S012', 'ICT2113', 'Theory', 'Present', '2025-02-05'),
(113, 'S013', 'ICT2113', 'Theory', 'Present', '2025-02-05'),
(114, 'S014', 'ICT2113', 'Theory', 'Absent', '2025-02-05'),
(115, 'S015', 'ICT2113', 'Theory', 'Present', '2025-02-05'),
(116, 'S016', 'ICT2113', 'Theory', 'Present', '2025-02-05'),
(117, 'S017', 'ICT2113', 'Theory', 'Present', '2025-02-05'),
(118, 'S018', 'ICT2113', 'Theory', 'Absent', '2025-02-05'),
(119, 'S019', 'ICT2113', 'Theory', 'Absent', '2025-02-05'),
(120, 'S020', 'ICT2113', 'Theory', 'Absent', '2025-02-05'),
(121, 'S001', 'ICT2113', 'Theory', 'Present', '2025-02-12'),
(122, 'S002', 'ICT2113', 'Theory', 'Present', '2025-02-12'),
(123, 'S003', 'ICT2113', 'Theory', 'Present', '2025-02-12'),
(124, 'S004', 'ICT2113', 'Theory', 'Absent', '2025-02-12'),
(125, 'S005', 'ICT2113', 'Theory', 'Present', '2025-02-12'),
(126, 'S006', 'ICT2113', 'Theory', 'Present', '2025-02-12'),
(127, 'S007', 'ICT2113', 'Theory', 'Absent', '2025-02-12'),
(128, 'S008', 'ICT2113', 'Theory', 'Present', '2025-02-12'),
(129, 'S009', 'ICT2113', 'Theory', 'Present', '2025-02-12'),
(130, 'S010', 'ICT2113', 'Theory', 'Present', '2025-02-12'),
(131, 'S011', 'ICT2113', 'Theory', 'Present', '2025-02-12'),
(132, 'S012', 'ICT2113', 'Theory', 'Present', '2025-02-12'),
(133, 'S013', 'ICT2113', 'Theory', 'Present', '2025-02-12'),
(134, 'S014', 'ICT2113', 'Theory', 'Present', '2025-02-12'),
(135, 'S015', 'ICT2113', 'Theory', 'Absent', '2025-02-12'),
(136, 'S016', 'ICT2113', 'Theory', 'Present', '2025-02-12'),
(137, 'S017', 'ICT2113', 'Theory', 'Present', '2025-02-12'),
(138, 'S018', 'ICT2113', 'Theory', 'Absent', '2025-02-12'),
(139, 'S019', 'ICT2113', 'Theory', 'Present', '2025-02-12'),
(140, 'S020', 'ICT2113', 'Theory', 'Absent', '2025-02-12'),
(141, 'S001', 'ICT2113', 'Theory', 'Present', '2025-02-19'),
(142, 'S002', 'ICT2113', 'Theory', 'Absent', '2025-02-19'),
(143, 'S003', 'ICT2113', 'Theory', 'Absent', '2025-02-19'),
(144, 'S004', 'ICT2113', 'Theory', 'Present', '2025-02-19'),
(145, 'S005', 'ICT2113', 'Theory', 'Present', '2025-02-19'),
(146, 'S006', 'ICT2113', 'Theory', 'Present', '2025-02-19'),
(147, 'S007', 'ICT2113', 'Theory', 'Present', '2025-02-19'),
(148, 'S008', 'ICT2113', 'Theory', 'Present', '2025-02-19'),
(149, 'S009', 'ICT2113', 'Theory', 'Present', '2025-02-19'),
(150, 'S010', 'ICT2113', 'Theory', 'Absent', '2025-02-19'),
(151, 'S011', 'ICT2113', 'Theory', 'Present', '2025-02-19'),
(152, 'S012', 'ICT2113', 'Theory', 'Present', '2025-02-19'),
(153, 'S013', 'ICT2113', 'Theory', 'Present', '2025-02-19'),
(154, 'S014', 'ICT2113', 'Theory', 'Present', '2025-02-19'),
(155, 'S015', 'ICT2113', 'Theory', 'Present', '2025-02-19'),
(156, 'S016', 'ICT2113', 'Theory', 'Present', '2025-02-19'),
(157, 'S017', 'ICT2113', 'Theory', 'Present', '2025-02-19'),
(158, 'S018', 'ICT2113', 'Theory', 'Present', '2025-02-19'),
(159, 'S019', 'ICT2113', 'Theory', 'Absent', '2025-02-19'),
(160, 'S020', 'ICT2113', 'Theory', 'Present', '2025-02-19'),
(161, 'S001', 'ICT2113', 'Theory', 'Absent', '2025-02-26'),
(162, 'S002', 'ICT2113', 'Theory', 'Present', '2025-02-26'),
(163, 'S003', 'ICT2113', 'Theory', 'Present', '2025-02-26'),
(164, 'S004', 'ICT2113', 'Theory', 'Present', '2025-02-26'),
(165, 'S005', 'ICT2113', 'Theory', 'Present', '2025-02-26'),
(166, 'S006', 'ICT2113', 'Theory', 'Present', '2025-02-26'),
(167, 'S007', 'ICT2113', 'Theory', 'Present', '2025-02-26'),
(168, 'S008', 'ICT2113', 'Theory', 'Present', '2025-02-26'),
(169, 'S009', 'ICT2113', 'Theory', 'Present', '2025-02-26'),
(170, 'S010', 'ICT2113', 'Theory', 'Present', '2025-02-26'),
(171, 'S011', 'ICT2113', 'Theory', 'Absent', '2025-02-26'),
(172, 'S012', 'ICT2113', 'Theory', 'Absent', '2025-02-26'),
(173, 'S013', 'ICT2113', 'Theory', 'Present', '2025-02-26'),
(174, 'S014', 'ICT2113', 'Theory', 'Absent', '2025-02-26'),
(175, 'S015', 'ICT2113', 'Theory', 'Present', '2025-02-26'),
(176, 'S016', 'ICT2113', 'Theory', 'Present', '2025-02-26'),
(177, 'S017', 'ICT2113', 'Theory', 'Absent', '2025-02-26'),
(178, 'S018', 'ICT2113', 'Theory', 'Present', '2025-02-26'),
(179, 'S019', 'ICT2113', 'Theory', 'Present', '2025-02-26'),
(180, 'S020', 'ICT2113', 'Theory', 'Present', '2025-02-26'),
(181, 'S001', 'ICT2113', 'Theory', 'Present', '2025-03-05'),
(182, 'S002', 'ICT2113', 'Theory', 'Present', '2025-03-05'),
(183, 'S003', 'ICT2113', 'Theory', 'Present', '2025-03-05'),
(184, 'S004', 'ICT2113', 'Theory', 'Present', '2025-03-05'),
(185, 'S005', 'ICT2113', 'Theory', 'Present', '2025-03-05'),
(186, 'S006', 'ICT2113', 'Theory', 'Present', '2025-03-05'),
(187, 'S007', 'ICT2113', 'Theory', 'Present', '2025-03-05'),
(188, 'S008', 'ICT2113', 'Theory', 'Present', '2025-03-05'),
(189, 'S009', 'ICT2113', 'Theory', 'Absent', '2025-03-05'),
(190, 'S010', 'ICT2113', 'Theory', 'Present', '2025-03-05'),
(191, 'S011', 'ICT2113', 'Theory', 'Present', '2025-03-05'),
(192, 'S012', 'ICT2113', 'Theory', 'Present', '2025-03-05'),
(193, 'S013', 'ICT2113', 'Theory', 'Present', '2025-03-05'),
(194, 'S014', 'ICT2113', 'Theory', 'Present', '2025-03-05'),
(195, 'S015', 'ICT2113', 'Theory', 'Absent', '2025-03-05'),
(196, 'S016', 'ICT2113', 'Theory', 'Absent', '2025-03-05'),
(197, 'S017', 'ICT2113', 'Theory', 'Present', '2025-03-05'),
(198, 'S018', 'ICT2113', 'Theory', 'Present', '2025-03-05'),
(199, 'S019', 'ICT2113', 'Theory', 'Present', '2025-03-05'),
(200, 'S020', 'ICT2113', 'Theory', 'Absent', '2025-03-05'),
(201, 'S001', 'ICT2113', 'Theory', 'Present', '2025-03-12'),
(202, 'S002', 'ICT2113', 'Theory', 'Present', '2025-03-12'),
(203, 'S003', 'ICT2113', 'Theory', 'Present', '2025-03-12'),
(204, 'S004', 'ICT2113', 'Theory', 'Present', '2025-03-12'),
(205, 'S005', 'ICT2113', 'Theory', 'Present', '2025-03-12'),
(206, 'S006', 'ICT2113', 'Theory', 'Present', '2025-03-12'),
(207, 'S007', 'ICT2113', 'Theory', 'Present', '2025-03-12'),
(208, 'S008', 'ICT2113', 'Theory', 'Present', '2025-03-12'),
(209, 'S009', 'ICT2113', 'Theory', 'Absent', '2025-03-12'),
(210, 'S010', 'ICT2113', 'Theory', 'Present', '2025-03-12'),
(211, 'S011', 'ICT2113', 'Theory', 'Present', '2025-03-12'),
(212, 'S012', 'ICT2113', 'Theory', 'Present', '2025-03-12'),
(213, 'S013', 'ICT2113', 'Theory', 'Present', '2025-03-12'),
(214, 'S014', 'ICT2113', 'Theory', 'Present', '2025-03-12'),
(215, 'S015', 'ICT2113', 'Theory', 'Present', '2025-03-12'),
(216, 'S016', 'ICT2113', 'Theory', 'Absent', '2025-03-12'),
(217, 'S017', 'ICT2113', 'Theory', 'Present', '2025-03-12'),
(218, 'S018', 'ICT2113', 'Theory', 'Present', '2025-03-12'),
(219, 'S019', 'ICT2113', 'Theory', 'Present', '2025-03-12'),
(220, 'S020', 'ICT2113', 'Theory', 'Present', '2025-03-12'),
(221, 'S001', 'ICT2113', 'Theory', 'Present', '2025-03-19'),
(222, 'S002', 'ICT2113', 'Theory', 'Present', '2025-03-19'),
(223, 'S003', 'ICT2113', 'Theory', 'Present', '2025-03-19'),
(224, 'S004', 'ICT2113', 'Theory', 'Present', '2025-03-19'),
(225, 'S005', 'ICT2113', 'Theory', 'Present', '2025-03-19'),
(226, 'S006', 'ICT2113', 'Theory', 'Present', '2025-03-19'),
(227, 'S007', 'ICT2113', 'Theory', 'Absent', '2025-03-19'),
(228, 'S008', 'ICT2113', 'Theory', 'Present', '2025-03-19'),
(229, 'S009', 'ICT2113', 'Theory', 'Present', '2025-03-19'),
(230, 'S010', 'ICT2113', 'Theory', 'Present', '2025-03-19'),
(231, 'S011', 'ICT2113', 'Theory', 'Present', '2025-03-19'),
(232, 'S012', 'ICT2113', 'Theory', 'Present', '2025-03-19'),
(233, 'S013', 'ICT2113', 'Theory', 'Absent', '2025-03-19'),
(234, 'S014', 'ICT2113', 'Theory', 'Present', '2025-03-19'),
(235, 'S015', 'ICT2113', 'Theory', 'Present', '2025-03-19'),
(236, 'S016', 'ICT2113', 'Theory', 'Present', '2025-03-19'),
(237, 'S017', 'ICT2113', 'Theory', 'Absent', '2025-03-19'),
(238, 'S018', 'ICT2113', 'Theory', 'Present', '2025-03-19'),
(239, 'S019', 'ICT2113', 'Theory', 'Present', '2025-03-19'),
(240, 'S020', 'ICT2113', 'Theory', 'Absent', '2025-03-19'),
(241, 'S001', 'ICT2113', 'Theory', 'Present', '2025-03-26'),
(242, 'S002', 'ICT2113', 'Theory', 'Present', '2025-03-26'),
(243, 'S003', 'ICT2113', 'Theory', 'Present', '2025-03-26'),
(244, 'S004', 'ICT2113', 'Theory', 'Present', '2025-03-26'),
(245, 'S005', 'ICT2113', 'Theory', 'Absent', '2025-03-26'),
(246, 'S006', 'ICT2113', 'Theory', 'Absent', '2025-03-26'),
(247, 'S007', 'ICT2113', 'Theory', 'Present', '2025-03-26'),
(248, 'S008', 'ICT2113', 'Theory', 'Present', '2025-03-26'),
(249, 'S009', 'ICT2113', 'Theory', 'Present', '2025-03-26'),
(250, 'S010', 'ICT2113', 'Theory', 'Present', '2025-03-26'),
(251, 'S011', 'ICT2113', 'Theory', 'Present', '2025-03-26'),
(252, 'S012', 'ICT2113', 'Theory', 'Present', '2025-03-26'),
(253, 'S013', 'ICT2113', 'Theory', 'Present', '2025-03-26'),
(254, 'S014', 'ICT2113', 'Theory', 'Absent', '2025-03-26'),
(255, 'S015', 'ICT2113', 'Theory', 'Present', '2025-03-26'),
(256, 'S016', 'ICT2113', 'Theory', 'Present', '2025-03-26'),
(257, 'S017', 'ICT2113', 'Theory', 'Present', '2025-03-26'),
(258, 'S018', 'ICT2113', 'Theory', 'Present', '2025-03-26'),
(259, 'S019', 'ICT2113', 'Theory', 'Present', '2025-03-26'),
(260, 'S020', 'ICT2113', 'Theory', 'Present', '2025-03-26'),
(261, 'S001', 'ICT2113', 'Theory', 'Absent', '2025-04-02'),
(262, 'S002', 'ICT2113', 'Theory', 'Present', '2025-04-02'),
(263, 'S003', 'ICT2113', 'Theory', 'Present', '2025-04-02'),
(264, 'S004', 'ICT2113', 'Theory', 'Present', '2025-04-02'),
(265, 'S005', 'ICT2113', 'Theory', 'Present', '2025-04-02'),
(266, 'S006', 'ICT2113', 'Theory', 'Present', '2025-04-02'),
(267, 'S007', 'ICT2113', 'Theory', 'Present', '2025-04-02'),
(268, 'S008', 'ICT2113', 'Theory', 'Present', '2025-04-02'),
(269, 'S009', 'ICT2113', 'Theory', 'Absent', '2025-04-02'),
(270, 'S010', 'ICT2113', 'Theory', 'Present', '2025-04-02'),
(271, 'S011', 'ICT2113', 'Theory', 'Absent', '2025-04-02'),
(272, 'S012', 'ICT2113', 'Theory', 'Present', '2025-04-02'),
(273, 'S013', 'ICT2113', 'Theory', 'Present', '2025-04-02'),
(274, 'S014', 'ICT2113', 'Theory', 'Present', '2025-04-02'),
(275, 'S015', 'ICT2113', 'Theory', 'Present', '2025-04-02'),
(276, 'S016', 'ICT2113', 'Theory', 'Absent', '2025-04-02'),
(277, 'S017', 'ICT2113', 'Theory', 'Present', '2025-04-02'),
(278, 'S018', 'ICT2113', 'Theory', 'Absent', '2025-04-02'),
(279, 'S019', 'ICT2113', 'Theory', 'Present', '2025-04-02'),
(280, 'S020', 'ICT2113', 'Theory', 'Absent', '2025-04-02'),
(281, 'S001', 'ICT2113', 'Theory', 'Present', '2025-04-09'),
(282, 'S002', 'ICT2113', 'Theory', 'Present', '2025-04-09'),
(283, 'S003', 'ICT2113', 'Theory', 'Present', '2025-04-09'),
(284, 'S004', 'ICT2113', 'Theory', 'Present', '2025-04-09'),
(285, 'S005', 'ICT2113', 'Theory', 'Absent', '2025-04-09'),
(286, 'S006', 'ICT2113', 'Theory', 'Present', '2025-04-09'),
(287, 'S007', 'ICT2113', 'Theory', 'Present', '2025-04-09'),
(288, 'S008', 'ICT2113', 'Theory', 'Present', '2025-04-09'),
(289, 'S009', 'ICT2113', 'Theory', 'Present', '2025-04-09'),
(290, 'S010', 'ICT2113', 'Theory', 'Present', '2025-04-09'),
(291, 'S011', 'ICT2113', 'Theory', 'Present', '2025-04-09'),
(292, 'S012', 'ICT2113', 'Theory', 'Present', '2025-04-09'),
(293, 'S013', 'ICT2113', 'Theory', 'Present', '2025-04-09'),
(294, 'S014', 'ICT2113', 'Theory', 'Present', '2025-04-09'),
(295, 'S015', 'ICT2113', 'Theory', 'Present', '2025-04-09'),
(296, 'S016', 'ICT2113', 'Theory', 'Present', '2025-04-09'),
(297, 'S017', 'ICT2113', 'Theory', 'Present', '2025-04-09'),
(298, 'S018', 'ICT2113', 'Theory', 'Absent', '2025-04-09'),
(299, 'S019', 'ICT2113', 'Theory', 'Present', '2025-04-09'),
(300, 'S020', 'ICT2113', 'Theory', 'Present', '2025-04-09'),
(301, 'S001', 'ICT2122', 'Theory', 'Present', '2025-01-02'),
(302, 'S002', 'ICT2122', 'Theory', 'Absent', '2025-01-02'),
(303, 'S003', 'ICT2122', 'Theory', 'Absent', '2025-01-02'),
(304, 'S004', 'ICT2122', 'Theory', 'Present', '2025-01-02'),
(305, 'S005', 'ICT2122', 'Theory', 'Absent', '2025-01-02'),
(306, 'S006', 'ICT2122', 'Theory', 'Present', '2025-01-02'),
(307, 'S007', 'ICT2122', 'Theory', 'Present', '2025-01-02'),
(308, 'S008', 'ICT2122', 'Theory', 'Present', '2025-01-02'),
(309, 'S009', 'ICT2122', 'Theory', 'Present', '2025-01-02'),
(310, 'S010', 'ICT2122', 'Theory', 'Present', '2025-01-02'),
(311, 'S011', 'ICT2122', 'Theory', 'Absent', '2025-01-02'),
(312, 'S012', 'ICT2122', 'Theory', 'Present', '2025-01-02'),
(313, 'S013', 'ICT2122', 'Theory', 'Present', '2025-01-02'),
(314, 'S014', 'ICT2122', 'Theory', 'Absent', '2025-01-02'),
(315, 'S015', 'ICT2122', 'Theory', 'Medical', '2025-01-02'),
(316, 'S016', 'ICT2122', 'Theory', 'Medical', '2025-01-02'),
(317, 'S017', 'ICT2122', 'Theory', 'Absent', '2025-01-02'),
(318, 'S018', 'ICT2122', 'Theory', 'Present', '2025-01-02'),
(319, 'S019', 'ICT2122', 'Theory', 'Absent', '2025-01-02'),
(320, 'S020', 'ICT2122', 'Theory', 'Present', '2025-01-02'),
(321, 'S001', 'ICT2122', 'Theory', 'Absent', '2025-01-09'),
(322, 'S002', 'ICT2122', 'Theory', 'Present', '2025-01-09'),
(323, 'S003', 'ICT2122', 'Theory', 'Present', '2025-01-09'),
(324, 'S004', 'ICT2122', 'Theory', 'Present', '2025-01-09'),
(325, 'S005', 'ICT2122', 'Theory', 'Present', '2025-01-09'),
(326, 'S006', 'ICT2122', 'Theory', 'Present', '2025-01-09'),
(327, 'S007', 'ICT2122', 'Theory', 'Present', '2025-01-09'),
(328, 'S008', 'ICT2122', 'Theory', 'Present', '2025-01-09'),
(329, 'S009', 'ICT2122', 'Theory', 'Absent', '2025-01-09'),
(330, 'S010', 'ICT2122', 'Theory', 'Present', '2025-01-09'),
(331, 'S011', 'ICT2122', 'Theory', 'Present', '2025-01-09'),
(332, 'S012', 'ICT2122', 'Theory', 'Present', '2025-01-09'),
(333, 'S013', 'ICT2122', 'Theory', 'Present', '2025-01-09'),
(334, 'S014', 'ICT2122', 'Theory', 'Present', '2025-01-09'),
(335, 'S015', 'ICT2122', 'Theory', 'Present', '2025-01-09'),
(336, 'S016', 'ICT2122', 'Theory', 'Absent', '2025-01-09'),
(337, 'S017', 'ICT2122', 'Theory', 'Present', '2025-01-09'),
(338, 'S018', 'ICT2122', 'Theory', 'Present', '2025-01-09'),
(339, 'S019', 'ICT2122', 'Theory', 'Present', '2025-01-09'),
(340, 'S020', 'ICT2122', 'Theory', 'Absent', '2025-01-09'),
(341, 'S001', 'ICT2122', 'Theory', 'Present', '2025-01-16'),
(342, 'S002', 'ICT2122', 'Theory', 'Present', '2025-01-16'),
(343, 'S003', 'ICT2122', 'Theory', 'Present', '2025-01-16'),
(344, 'S004', 'ICT2122', 'Theory', 'Absent', '2025-01-16'),
(345, 'S005', 'ICT2122', 'Theory', 'Absent', '2025-01-16'),
(346, 'S006', 'ICT2122', 'Theory', 'Absent', '2025-01-16'),
(347, 'S007', 'ICT2122', 'Theory', 'Present', '2025-01-16'),
(348, 'S008', 'ICT2122', 'Theory', 'Present', '2025-01-16'),
(349, 'S009', 'ICT2122', 'Theory', 'Absent', '2025-01-16'),
(350, 'S010', 'ICT2122', 'Theory', 'Present', '2025-01-16'),
(351, 'S011', 'ICT2122', 'Theory', 'Present', '2025-01-16'),
(352, 'S012', 'ICT2122', 'Theory', 'Present', '2025-01-16'),
(353, 'S013', 'ICT2122', 'Theory', 'Present', '2025-01-16'),
(354, 'S014', 'ICT2122', 'Theory', 'Present', '2025-01-16'),
(355, 'S015', 'ICT2122', 'Theory', 'Present', '2025-01-16'),
(356, 'S016', 'ICT2122', 'Theory', 'Present', '2025-01-16'),
(357, 'S017', 'ICT2122', 'Theory', 'Medical', '2025-01-16'),
(358, 'S018', 'ICT2122', 'Theory', 'Absent', '2025-01-16'),
(359, 'S019', 'ICT2122', 'Theory', 'Present', '2025-01-16'),
(360, 'S020', 'ICT2122', 'Theory', 'Absent', '2025-01-16'),
(361, 'S001', 'ICT2122', 'Theory', 'Present', '2025-01-23'),
(362, 'S002', 'ICT2122', 'Theory', 'Present', '2025-01-23'),
(363, 'S003', 'ICT2122', 'Theory', 'Present', '2025-01-23'),
(364, 'S004', 'ICT2122', 'Theory', 'Present', '2025-01-23'),
(365, 'S005', 'ICT2122', 'Theory', 'Present', '2025-01-23'),
(366, 'S006', 'ICT2122', 'Theory', 'Present', '2025-01-23'),
(367, 'S007', 'ICT2122', 'Theory', 'Absent', '2025-01-23'),
(368, 'S008', 'ICT2122', 'Theory', 'Present', '2025-01-23'),
(369, 'S009', 'ICT2122', 'Theory', 'Present', '2025-01-23'),
(370, 'S010', 'ICT2122', 'Theory', 'Present', '2025-01-23'),
(371, 'S011', 'ICT2122', 'Theory', 'Present', '2025-01-23'),
(372, 'S012', 'ICT2122', 'Theory', 'Present', '2025-01-23'),
(373, 'S013', 'ICT2122', 'Theory', 'Present', '2025-01-23'),
(374, 'S014', 'ICT2122', 'Theory', 'Present', '2025-01-23'),
(375, 'S015', 'ICT2122', 'Theory', 'Present', '2025-01-23'),
(376, 'S016', 'ICT2122', 'Theory', 'Absent', '2025-01-23'),
(377, 'S017', 'ICT2122', 'Theory', 'Present', '2025-01-23'),
(378, 'S018', 'ICT2122', 'Theory', 'Absent', '2025-01-23'),
(379, 'S019', 'ICT2122', 'Theory', 'Absent', '2025-01-23'),
(380, 'S020', 'ICT2122', 'Theory', 'Absent', '2025-01-23'),
(381, 'S001', 'ICT2122', 'Theory', 'Absent', '2025-01-30'),
(382, 'S002', 'ICT2122', 'Theory', 'Present', '2025-01-30'),
(383, 'S003', 'ICT2122', 'Theory', 'Present', '2025-01-30'),
(384, 'S004', 'ICT2122', 'Theory', 'Present', '2025-01-30'),
(385, 'S005', 'ICT2122', 'Theory', 'Present', '2025-01-30'),
(386, 'S006', 'ICT2122', 'Theory', 'Absent', '2025-01-30'),
(387, 'S007', 'ICT2122', 'Theory', 'Present', '2025-01-30'),
(388, 'S008', 'ICT2122', 'Theory', 'Present', '2025-01-30'),
(389, 'S009', 'ICT2122', 'Theory', 'Present', '2025-01-30'),
(390, 'S010', 'ICT2122', 'Theory', 'Present', '2025-01-30'),
(391, 'S011', 'ICT2122', 'Theory', 'Present', '2025-01-30'),
(392, 'S012', 'ICT2122', 'Theory', 'Absent', '2025-01-30'),
(393, 'S013', 'ICT2122', 'Theory', 'Present', '2025-01-30'),
(394, 'S014', 'ICT2122', 'Theory', 'Present', '2025-01-30'),
(395, 'S015', 'ICT2122', 'Theory', 'Medical', '2025-01-30'),
(396, 'S016', 'ICT2122', 'Theory', 'Medical', '2025-01-30'),
(397, 'S017', 'ICT2122', 'Theory', 'Present', '2025-01-30'),
(398, 'S018', 'ICT2122', 'Theory', 'Absent', '2025-01-30'),
(399, 'S019', 'ICT2122', 'Theory', 'Absent', '2025-01-30'),
(400, 'S020', 'ICT2122', 'Theory', 'Present', '2025-01-30'),
(401, 'S001', 'ICT2122', 'Theory', 'Present', '2025-02-06'),
(402, 'S002', 'ICT2122', 'Theory', 'Present', '2025-02-06'),
(403, 'S003', 'ICT2122', 'Theory', 'Present', '2025-02-06'),
(404, 'S004', 'ICT2122', 'Theory', 'Absent', '2025-02-06'),
(405, 'S005', 'ICT2122', 'Theory', 'Present', '2025-02-06'),
(406, 'S006', 'ICT2122', 'Theory', 'Present', '2025-02-06'),
(407, 'S007', 'ICT2122', 'Theory', 'Present', '2025-02-06'),
(408, 'S008', 'ICT2122', 'Theory', 'Absent', '2025-02-06'),
(409, 'S009', 'ICT2122', 'Theory', 'Present', '2025-02-06'),
(410, 'S010', 'ICT2122', 'Theory', 'Present', '2025-02-06'),
(411, 'S011', 'ICT2122', 'Theory', 'Present', '2025-02-06'),
(412, 'S012', 'ICT2122', 'Theory', 'Present', '2025-02-06'),
(413, 'S013', 'ICT2122', 'Theory', 'Present', '2025-02-06'),
(414, 'S014', 'ICT2122', 'Theory', 'Present', '2025-02-06'),
(415, 'S015', 'ICT2122', 'Theory', 'Present', '2025-02-06'),
(416, 'S016', 'ICT2122', 'Theory', 'Present', '2025-02-06'),
(417, 'S017', 'ICT2122', 'Theory', 'Present', '2025-02-06'),
(418, 'S018', 'ICT2122', 'Theory', 'Present', '2025-02-06'),
(419, 'S019', 'ICT2122', 'Theory', 'Absent', '2025-02-06'),
(420, 'S020', 'ICT2122', 'Theory', 'Absent', '2025-02-06'),
(421, 'S001', 'ICT2122', 'Theory', 'Present', '2025-02-13'),
(422, 'S002', 'ICT2122', 'Theory', 'Present', '2025-02-13'),
(423, 'S003', 'ICT2122', 'Theory', 'Present', '2025-02-13'),
(424, 'S004', 'ICT2122', 'Theory', 'Absent', '2025-02-13'),
(425, 'S005', 'ICT2122', 'Theory', 'Present', '2025-02-13'),
(426, 'S006', 'ICT2122', 'Theory', 'Present', '2025-02-13'),
(427, 'S007', 'ICT2122', 'Theory', 'Present', '2025-02-13'),
(428, 'S008', 'ICT2122', 'Theory', 'Present', '2025-02-13'),
(429, 'S009', 'ICT2122', 'Theory', 'Present', '2025-02-13'),
(430, 'S010', 'ICT2122', 'Theory', 'Present', '2025-02-13'),
(431, 'S011', 'ICT2122', 'Theory', 'Absent', '2025-02-13'),
(432, 'S012', 'ICT2122', 'Theory', 'Present', '2025-02-13'),
(433, 'S013', 'ICT2122', 'Theory', 'Absent', '2025-02-13'),
(434, 'S014', 'ICT2122', 'Theory', 'Present', '2025-02-13'),
(435, 'S015', 'ICT2122', 'Theory', 'Present', '2025-02-13'),
(436, 'S016', 'ICT2122', 'Theory', 'Present', '2025-02-13'),
(437, 'S017', 'ICT2122', 'Theory', 'Present', '2025-02-13'),
(438, 'S018', 'ICT2122', 'Theory', 'Absent', '2025-02-13'),
(439, 'S019', 'ICT2122', 'Theory', 'Absent', '2025-02-13'),
(440, 'S020', 'ICT2122', 'Theory', 'Present', '2025-02-13'),
(441, 'S001', 'ICT2122', 'Theory', 'Present', '2025-02-20'),
(442, 'S002', 'ICT2122', 'Theory', 'Absent', '2025-02-20'),
(443, 'S003', 'ICT2122', 'Theory', 'Present', '2025-02-20'),
(444, 'S004', 'ICT2122', 'Theory', 'Present', '2025-02-20'),
(445, 'S005', 'ICT2122', 'Theory', 'Present', '2025-02-20'),
(446, 'S006', 'ICT2122', 'Theory', 'Present', '2025-02-20'),
(447, 'S007', 'ICT2122', 'Theory', 'Absent', '2025-02-20'),
(448, 'S008', 'ICT2122', 'Theory', 'Present', '2025-02-20'),
(449, 'S009', 'ICT2122', 'Theory', 'Present', '2025-02-20'),
(450, 'S010', 'ICT2122', 'Theory', 'Present', '2025-02-20'),
(451, 'S011', 'ICT2122', 'Theory', 'Present', '2025-02-20'),
(452, 'S012', 'ICT2122', 'Theory', 'Present', '2025-02-20'),
(453, 'S013', 'ICT2122', 'Theory', 'Present', '2025-02-20'),
(454, 'S014', 'ICT2122', 'Theory', 'Present', '2025-02-20'),
(455, 'S015', 'ICT2122', 'Theory', 'Present', '2025-02-20'),
(456, 'S016', 'ICT2122', 'Theory', 'Present', '2025-02-20'),
(457, 'S017', 'ICT2122', 'Theory', 'Present', '2025-02-20'),
(458, 'S018', 'ICT2122', 'Theory', 'Present', '2025-02-20'),
(459, 'S019', 'ICT2122', 'Theory', 'Present', '2025-02-20'),
(460, 'S020', 'ICT2122', 'Theory', 'Absent', '2025-02-20'),
(461, 'S001', 'ICT2122', 'Theory', 'Present', '2025-02-27'),
(462, 'S002', 'ICT2122', 'Theory', 'Present', '2025-02-27'),
(463, 'S003', 'ICT2122', 'Theory', 'Present', '2025-02-27'),
(464, 'S004', 'ICT2122', 'Theory', 'Present', '2025-02-27'),
(465, 'S005', 'ICT2122', 'Theory', 'Present', '2025-02-27'),
(466, 'S006', 'ICT2122', 'Theory', 'Present', '2025-02-27'),
(467, 'S007', 'ICT2122', 'Theory', 'Absent', '2025-02-27'),
(468, 'S008', 'ICT2122', 'Theory', 'Present', '2025-02-27'),
(469, 'S009', 'ICT2122', 'Theory', 'Present', '2025-02-27'),
(470, 'S010', 'ICT2122', 'Theory', 'Absent', '2025-02-27'),
(471, 'S011', 'ICT2122', 'Theory', 'Present', '2025-02-27'),
(472, 'S012', 'ICT2122', 'Theory', 'Present', '2025-02-27'),
(473, 'S013', 'ICT2122', 'Theory', 'Present', '2025-02-27'),
(474, 'S014', 'ICT2122', 'Theory', 'Absent', '2025-02-27'),
(475, 'S015', 'ICT2122', 'Theory', 'Present', '2025-02-27'),
(476, 'S016', 'ICT2122', 'Theory', 'Present', '2025-02-27'),
(477, 'S017', 'ICT2122', 'Theory', 'Present', '2025-02-27'),
(478, 'S018', 'ICT2122', 'Theory', 'Present', '2025-02-27'),
(479, 'S019', 'ICT2122', 'Theory', 'Present', '2025-02-27'),
(480, 'S020', 'ICT2122', 'Theory', 'Present', '2025-02-27'),
(481, 'S001', 'ICT2122', 'Theory', 'Present', '2025-03-06'),
(482, 'S002', 'ICT2122', 'Theory', 'Present', '2025-03-06'),
(483, 'S003', 'ICT2122', 'Theory', 'Present', '2025-03-06'),
(484, 'S004', 'ICT2122', 'Theory', 'Absent', '2025-03-06'),
(485, 'S005', 'ICT2122', 'Theory', 'Present', '2025-03-06'),
(486, 'S006', 'ICT2122', 'Theory', 'Present', '2025-03-06'),
(487, 'S007', 'ICT2122', 'Theory', 'Present', '2025-03-06'),
(488, 'S008', 'ICT2122', 'Theory', 'Present', '2025-03-06'),
(489, 'S009', 'ICT2122', 'Theory', 'Present', '2025-03-06'),
(490, 'S010', 'ICT2122', 'Theory', 'Present', '2025-03-06'),
(491, 'S011', 'ICT2122', 'Theory', 'Present', '2025-03-06'),
(492, 'S012', 'ICT2122', 'Theory', 'Absent', '2025-03-06'),
(493, 'S013', 'ICT2122', 'Theory', 'Absent', '2025-03-06'),
(494, 'S014', 'ICT2122', 'Theory', 'Present', '2025-03-06'),
(495, 'S015', 'ICT2122', 'Theory', 'Present', '2025-03-06'),
(496, 'S016', 'ICT2122', 'Theory', 'Present', '2025-03-06'),
(497, 'S017', 'ICT2122', 'Theory', 'Present', '2025-03-06'),
(498, 'S018', 'ICT2122', 'Theory', 'Present', '2025-03-06'),
(499, 'S019', 'ICT2122', 'Theory', 'Absent', '2025-03-06'),
(500, 'S020', 'ICT2122', 'Theory', 'Present', '2025-03-06'),
(501, 'S001', 'ICT2122', 'Theory', 'Present', '2025-03-13'),
(502, 'S002', 'ICT2122', 'Theory', 'Absent', '2025-03-13'),
(503, 'S003', 'ICT2122', 'Theory', 'Present', '2025-03-13'),
(504, 'S004', 'ICT2122', 'Theory', 'Present', '2025-03-13'),
(505, 'S005', 'ICT2122', 'Theory', 'Present', '2025-03-13'),
(506, 'S006', 'ICT2122', 'Theory', 'Present', '2025-03-13'),
(507, 'S007', 'ICT2122', 'Theory', 'Present', '2025-03-13'),
(508, 'S008', 'ICT2122', 'Theory', 'Absent', '2025-03-13'),
(509, 'S009', 'ICT2122', 'Theory', 'Present', '2025-03-13'),
(510, 'S010', 'ICT2122', 'Theory', 'Present', '2025-03-13'),
(511, 'S011', 'ICT2122', 'Theory', 'Present', '2025-03-13'),
(512, 'S012', 'ICT2122', 'Theory', 'Present', '2025-03-13'),
(513, 'S013', 'ICT2122', 'Theory', 'Present', '2025-03-13'),
(514, 'S014', 'ICT2122', 'Theory', 'Present', '2025-03-13'),
(515, 'S015', 'ICT2122', 'Theory', 'Absent', '2025-03-13'),
(516, 'S016', 'ICT2122', 'Theory', 'Present', '2025-03-13'),
(517, 'S017', 'ICT2122', 'Theory', 'Present', '2025-03-13'),
(518, 'S018', 'ICT2122', 'Theory', 'Present', '2025-03-13'),
(519, 'S019', 'ICT2122', 'Theory', 'Absent', '2025-03-13'),
(520, 'S020', 'ICT2122', 'Theory', 'Present', '2025-03-13'),
(521, 'S001', 'ICT2122', 'Theory', 'Present', '2025-03-20'),
(522, 'S002', 'ICT2122', 'Theory', 'Present', '2025-03-20'),
(523, 'S003', 'ICT2122', 'Theory', 'Absent', '2025-03-20'),
(524, 'S004', 'ICT2122', 'Theory', 'Present', '2025-03-20'),
(525, 'S005', 'ICT2122', 'Theory', 'Absent', '2025-03-20'),
(526, 'S006', 'ICT2122', 'Theory', 'Present', '2025-03-20'),
(527, 'S007', 'ICT2122', 'Theory', 'Absent', '2025-03-20'),
(528, 'S008', 'ICT2122', 'Theory', 'Present', '2025-03-20'),
(529, 'S009', 'ICT2122', 'Theory', 'Present', '2025-03-20'),
(530, 'S010', 'ICT2122', 'Theory', 'Present', '2025-03-20'),
(531, 'S011', 'ICT2122', 'Theory', 'Present', '2025-03-20'),
(532, 'S012', 'ICT2122', 'Theory', 'Present', '2025-03-20'),
(533, 'S013', 'ICT2122', 'Theory', 'Present', '2025-03-20'),
(534, 'S014', 'ICT2122', 'Theory', 'Present', '2025-03-20'),
(535, 'S015', 'ICT2122', 'Theory', 'Absent', '2025-03-20'),
(536, 'S016', 'ICT2122', 'Theory', 'Present', '2025-03-20'),
(537, 'S017', 'ICT2122', 'Theory', 'Present', '2025-03-20'),
(538, 'S018', 'ICT2122', 'Theory', 'Absent', '2025-03-20'),
(539, 'S019', 'ICT2122', 'Theory', 'Present', '2025-03-20'),
(540, 'S020', 'ICT2122', 'Theory', 'Present', '2025-03-20'),
(541, 'S001', 'ICT2122', 'Theory', 'Present', '2025-03-27'),
(542, 'S002', 'ICT2122', 'Theory', 'Present', '2025-03-27'),
(543, 'S003', 'ICT2122', 'Theory', 'Absent', '2025-03-27'),
(544, 'S004', 'ICT2122', 'Theory', 'Present', '2025-03-27'),
(545, 'S005', 'ICT2122', 'Theory', 'Present', '2025-03-27'),
(546, 'S006', 'ICT2122', 'Theory', 'Present', '2025-03-27'),
(547, 'S007', 'ICT2122', 'Theory', 'Present', '2025-03-27'),
(548, 'S008', 'ICT2122', 'Theory', 'Present', '2025-03-27'),
(549, 'S009', 'ICT2122', 'Theory', 'Present', '2025-03-27'),
(550, 'S010', 'ICT2122', 'Theory', 'Absent', '2025-03-27'),
(551, 'S011', 'ICT2122', 'Theory', 'Absent', '2025-03-27'),
(552, 'S012', 'ICT2122', 'Theory', 'Present', '2025-03-27'),
(553, 'S013', 'ICT2122', 'Theory', 'Present', '2025-03-27'),
(554, 'S014', 'ICT2122', 'Theory', 'Present', '2025-03-27'),
(555, 'S015', 'ICT2122', 'Theory', 'Present', '2025-03-27'),
(556, 'S016', 'ICT2122', 'Theory', 'Present', '2025-03-27'),
(557, 'S017', 'ICT2122', 'Theory', 'Present', '2025-03-27'),
(558, 'S018', 'ICT2122', 'Theory', 'Absent', '2025-03-27'),
(559, 'S019', 'ICT2122', 'Theory', 'Present', '2025-03-27'),
(560, 'S020', 'ICT2122', 'Theory', 'Present', '2025-03-27'),
(561, 'S001', 'ICT2122', 'Theory', 'Present', '2025-04-03'),
(562, 'S002', 'ICT2122', 'Theory', 'Present', '2025-04-03'),
(563, 'S003', 'ICT2122', 'Theory', 'Present', '2025-04-03'),
(564, 'S004', 'ICT2122', 'Theory', 'Present', '2025-04-03'),
(565, 'S005', 'ICT2122', 'Theory', 'Present', '2025-04-03'),
(566, 'S006', 'ICT2122', 'Theory', 'Present', '2025-04-03'),
(567, 'S007', 'ICT2122', 'Theory', 'Absent', '2025-04-03'),
(568, 'S008', 'ICT2122', 'Theory', 'Absent', '2025-04-03'),
(569, 'S009', 'ICT2122', 'Theory', 'Absent', '2025-04-03'),
(570, 'S010', 'ICT2122', 'Theory', 'Absent', '2025-04-03'),
(571, 'S011', 'ICT2122', 'Theory', 'Present', '2025-04-03'),
(572, 'S012', 'ICT2122', 'Theory', 'Present', '2025-04-03'),
(573, 'S013', 'ICT2122', 'Theory', 'Present', '2025-04-03'),
(574, 'S014', 'ICT2122', 'Theory', 'Present', '2025-04-03'),
(575, 'S015', 'ICT2122', 'Theory', 'Present', '2025-04-03'),
(576, 'S016', 'ICT2122', 'Theory', 'Medical', '2025-04-03'),
(577, 'S017', 'ICT2122', 'Theory', 'Present', '2025-04-03'),
(578, 'S018', 'ICT2122', 'Theory', 'Present', '2025-04-03'),
(579, 'S019', 'ICT2122', 'Theory', 'Present', '2025-04-03'),
(580, 'S020', 'ICT2122', 'Theory', 'Present', '2025-04-03'),
(581, 'S001', 'ICT2122', 'Theory', 'Present', '2025-04-10'),
(582, 'S002', 'ICT2122', 'Theory', 'Present', '2025-04-10'),
(583, 'S003', 'ICT2122', 'Theory', 'Present', '2025-04-10'),
(584, 'S004', 'ICT2122', 'Theory', 'Present', '2025-04-10'),
(585, 'S005', 'ICT2122', 'Theory', 'Present', '2025-04-10'),
(586, 'S006', 'ICT2122', 'Theory', 'Present', '2025-04-10'),
(587, 'S007', 'ICT2122', 'Theory', 'Present', '2025-04-10'),
(588, 'S008', 'ICT2122', 'Theory', 'Absent', '2025-04-10'),
(589, 'S009', 'ICT2122', 'Theory', 'Present', '2025-04-10'),
(590, 'S010', 'ICT2122', 'Theory', 'Present', '2025-04-10'),
(591, 'S011', 'ICT2122', 'Theory', 'Present', '2025-04-10'),
(592, 'S012', 'ICT2122', 'Theory', 'Present', '2025-04-10'),
(593, 'S013', 'ICT2122', 'Theory', 'Present', '2025-04-10'),
(594, 'S014', 'ICT2122', 'Theory', 'Present', '2025-04-10'),
(595, 'S015', 'ICT2122', 'Theory', 'Present', '2025-04-10'),
(596, 'S016', 'ICT2122', 'Theory', 'Present', '2025-04-10'),
(597, 'S017', 'ICT2122', 'Theory', 'Present', '2025-04-10'),
(598, 'S018', 'ICT2122', 'Theory', 'Present', '2025-04-10'),
(599, 'S019', 'ICT2122', 'Theory', 'Present', '2025-04-10'),
(600, 'S020', 'ICT2122', 'Theory', 'Present', '2025-04-10'),
(601, 'S001', 'ICT2133', 'Theory', 'Present', '2025-01-03'),
(602, 'S002', 'ICT2133', 'Theory', 'Absent', '2025-01-03'),
(603, 'S003', 'ICT2133', 'Theory', 'Present', '2025-01-03'),
(604, 'S004', 'ICT2133', 'Theory', 'Present', '2025-01-03'),
(605, 'S005', 'ICT2133', 'Theory', 'Present', '2025-01-03'),
(606, 'S006', 'ICT2133', 'Theory', 'Present', '2025-01-03'),
(607, 'S007', 'ICT2133', 'Theory', 'Present', '2025-01-03'),
(608, 'S008', 'ICT2133', 'Theory', 'Present', '2025-01-03'),
(609, 'S009', 'ICT2133', 'Theory', 'Present', '2025-01-03'),
(610, 'S010', 'ICT2133', 'Theory', 'Present', '2025-01-03'),
(611, 'S011', 'ICT2133', 'Theory', 'Absent', '2025-01-03'),
(612, 'S012', 'ICT2133', 'Theory', 'Present', '2025-01-03'),
(613, 'S013', 'ICT2133', 'Theory', 'Present', '2025-01-03'),
(614, 'S014', 'ICT2133', 'Theory', 'Present', '2025-01-03'),
(615, 'S015', 'ICT2133', 'Theory', 'Absent', '2025-01-03'),
(616, 'S016', 'ICT2133', 'Theory', 'Absent', '2025-01-03'),
(617, 'S017', 'ICT2133', 'Theory', 'Absent', '2025-01-03'),
(618, 'S018', 'ICT2133', 'Theory', 'Present', '2025-01-03'),
(619, 'S019', 'ICT2133', 'Theory', 'Absent', '2025-01-03'),
(620, 'S020', 'ICT2133', 'Theory', 'Present', '2025-01-03'),
(621, 'S001', 'ICT2133', 'Theory', 'Present', '2025-01-10'),
(622, 'S002', 'ICT2133', 'Theory', 'Absent', '2025-01-10'),
(623, 'S003', 'ICT2133', 'Theory', 'Present', '2025-01-10'),
(624, 'S004', 'ICT2133', 'Theory', 'Absent', '2025-01-10'),
(625, 'S005', 'ICT2133', 'Theory', 'Present', '2025-01-10'),
(626, 'S006', 'ICT2133', 'Theory', 'Present', '2025-01-10'),
(627, 'S007', 'ICT2133', 'Theory', 'Present', '2025-01-10'),
(628, 'S008', 'ICT2133', 'Theory', 'Present', '2025-01-10'),
(629, 'S009', 'ICT2133', 'Theory', 'Absent', '2025-01-10'),
(630, 'S010', 'ICT2133', 'Theory', 'Present', '2025-01-10'),
(631, 'S011', 'ICT2133', 'Theory', 'Present', '2025-01-10'),
(632, 'S012', 'ICT2133', 'Theory', 'Present', '2025-01-10'),
(633, 'S013', 'ICT2133', 'Theory', 'Absent', '2025-01-10'),
(634, 'S014', 'ICT2133', 'Theory', 'Absent', '2025-01-10'),
(635, 'S015', 'ICT2133', 'Theory', 'Absent', '2025-01-10'),
(636, 'S016', 'ICT2133', 'Theory', 'Present', '2025-01-10'),
(637, 'S017', 'ICT2133', 'Theory', 'Absent', '2025-01-10'),
(638, 'S018', 'ICT2133', 'Theory', 'Present', '2025-01-10'),
(639, 'S019', 'ICT2133', 'Theory', 'Absent', '2025-01-10'),
(640, 'S020', 'ICT2133', 'Theory', 'Present', '2025-01-10'),
(641, 'S001', 'ICT2133', 'Theory', 'Present', '2025-01-17'),
(642, 'S002', 'ICT2133', 'Theory', 'Absent', '2025-01-17'),
(643, 'S003', 'ICT2133', 'Theory', 'Present', '2025-01-17'),
(644, 'S004', 'ICT2133', 'Theory', 'Present', '2025-01-17'),
(645, 'S005', 'ICT2133', 'Theory', 'Absent', '2025-01-17'),
(646, 'S006', 'ICT2133', 'Theory', 'Present', '2025-01-17'),
(647, 'S007', 'ICT2133', 'Theory', 'Present', '2025-01-17'),
(648, 'S008', 'ICT2133', 'Theory', 'Present', '2025-01-17'),
(649, 'S009', 'ICT2133', 'Theory', 'Absent', '2025-01-17'),
(650, 'S010', 'ICT2133', 'Theory', 'Absent', '2025-01-17'),
(651, 'S011', 'ICT2133', 'Theory', 'Present', '2025-01-17'),
(652, 'S012', 'ICT2133', 'Theory', 'Present', '2025-01-17'),
(653, 'S013', 'ICT2133', 'Theory', 'Present', '2025-01-17'),
(654, 'S014', 'ICT2133', 'Theory', 'Present', '2025-01-17'),
(655, 'S015', 'ICT2133', 'Theory', 'Present', '2025-01-17'),
(656, 'S016', 'ICT2133', 'Theory', 'Present', '2025-01-17'),
(657, 'S017', 'ICT2133', 'Theory', 'Present', '2025-01-17'),
(658, 'S018', 'ICT2133', 'Theory', 'Present', '2025-01-17'),
(659, 'S019', 'ICT2133', 'Theory', 'Present', '2025-01-17'),
(660, 'S020', 'ICT2133', 'Theory', 'Present', '2025-01-17'),
(661, 'S001', 'ICT2133', 'Theory', 'Present', '2025-01-24'),
(662, 'S002', 'ICT2133', 'Theory', 'Present', '2025-01-24'),
(663, 'S003', 'ICT2133', 'Theory', 'Present', '2025-01-24'),
(664, 'S004', 'ICT2133', 'Theory', 'Present', '2025-01-24'),
(665, 'S005', 'ICT2133', 'Theory', 'Present', '2025-01-24'),
(666, 'S006', 'ICT2133', 'Theory', 'Present', '2025-01-24'),
(667, 'S007', 'ICT2133', 'Theory', 'Absent', '2025-01-24'),
(668, 'S008', 'ICT2133', 'Theory', 'Present', '2025-01-24'),
(669, 'S009', 'ICT2133', 'Theory', 'Present', '2025-01-24'),
(670, 'S010', 'ICT2133', 'Theory', 'Absent', '2025-01-24'),
(671, 'S011', 'ICT2133', 'Theory', 'Present', '2025-01-24'),
(672, 'S012', 'ICT2133', 'Theory', 'Present', '2025-01-24'),
(673, 'S013', 'ICT2133', 'Theory', 'Present', '2025-01-24'),
(674, 'S014', 'ICT2133', 'Theory', 'Present', '2025-01-24'),
(675, 'S015', 'ICT2133', 'Theory', 'Present', '2025-01-24'),
(676, 'S016', 'ICT2133', 'Theory', 'Present', '2025-01-24'),
(677, 'S017', 'ICT2133', 'Theory', 'Present', '2025-01-24'),
(678, 'S018', 'ICT2133', 'Theory', 'Present', '2025-01-24'),
(679, 'S019', 'ICT2133', 'Theory', 'Present', '2025-01-24'),
(680, 'S020', 'ICT2133', 'Theory', 'Present', '2025-01-24'),
(681, 'S001', 'ICT2133', 'Theory', 'Absent', '2025-01-31'),
(682, 'S002', 'ICT2133', 'Theory', 'Present', '2025-01-31'),
(683, 'S003', 'ICT2133', 'Theory', 'Present', '2025-01-31'),
(684, 'S004', 'ICT2133', 'Theory', 'Present', '2025-01-31'),
(685, 'S005', 'ICT2133', 'Theory', 'Present', '2025-01-31'),
(686, 'S006', 'ICT2133', 'Theory', 'Absent', '2025-01-31'),
(687, 'S007', 'ICT2133', 'Theory', 'Present', '2025-01-31'),
(688, 'S008', 'ICT2133', 'Theory', 'Present', '2025-01-31'),
(689, 'S009', 'ICT2133', 'Theory', 'Present', '2025-01-31'),
(690, 'S010', 'ICT2133', 'Theory', 'Present', '2025-01-31'),
(691, 'S011', 'ICT2133', 'Theory', 'Present', '2025-01-31'),
(692, 'S012', 'ICT2133', 'Theory', 'Present', '2025-01-31'),
(693, 'S013', 'ICT2133', 'Theory', 'Present', '2025-01-31'),
(694, 'S014', 'ICT2133', 'Theory', 'Absent', '2025-01-31'),
(695, 'S015', 'ICT2133', 'Theory', 'Present', '2025-01-31'),
(696, 'S016', 'ICT2133', 'Theory', 'Present', '2025-01-31'),
(697, 'S017', 'ICT2133', 'Theory', 'Absent', '2025-01-31'),
(698, 'S018', 'ICT2133', 'Theory', 'Present', '2025-01-31'),
(699, 'S019', 'ICT2133', 'Theory', 'Present', '2025-01-31'),
(700, 'S020', 'ICT2133', 'Theory', 'Present', '2025-01-31'),
(701, 'S001', 'ICT2133', 'Theory', 'Present', '2025-02-07'),
(702, 'S002', 'ICT2133', 'Theory', 'Present', '2025-02-07'),
(703, 'S003', 'ICT2133', 'Theory', 'Present', '2025-02-07'),
(704, 'S004', 'ICT2133', 'Theory', 'Present', '2025-02-07'),
(705, 'S005', 'ICT2133', 'Theory', 'Absent', '2025-02-07'),
(706, 'S006', 'ICT2133', 'Theory', 'Present', '2025-02-07'),
(707, 'S007', 'ICT2133', 'Theory', 'Present', '2025-02-07'),
(708, 'S008', 'ICT2133', 'Theory', 'Present', '2025-02-07'),
(709, 'S009', 'ICT2133', 'Theory', 'Present', '2025-02-07'),
(710, 'S010', 'ICT2133', 'Theory', 'Present', '2025-02-07'),
(711, 'S011', 'ICT2133', 'Theory', 'Present', '2025-02-07'),
(712, 'S012', 'ICT2133', 'Theory', 'Present', '2025-02-07'),
(713, 'S013', 'ICT2133', 'Theory', 'Present', '2025-02-07'),
(714, 'S014', 'ICT2133', 'Theory', 'Present', '2025-02-07'),
(715, 'S015', 'ICT2133', 'Theory', 'Present', '2025-02-07'),
(716, 'S016', 'ICT2133', 'Theory', 'Present', '2025-02-07'),
(717, 'S017', 'ICT2133', 'Theory', 'Absent', '2025-02-07'),
(718, 'S018', 'ICT2133', 'Theory', 'Absent', '2025-02-07'),
(719, 'S019', 'ICT2133', 'Theory', 'Present', '2025-02-07'),
(720, 'S020', 'ICT2133', 'Theory', 'Present', '2025-02-07'),
(721, 'S001', 'ICT2133', 'Theory', 'Present', '2025-02-14'),
(722, 'S002', 'ICT2133', 'Theory', 'Present', '2025-02-14'),
(723, 'S003', 'ICT2133', 'Theory', 'Present', '2025-02-14'),
(724, 'S004', 'ICT2133', 'Theory', 'Absent', '2025-02-14'),
(725, 'S005', 'ICT2133', 'Theory', 'Present', '2025-02-14'),
(726, 'S006', 'ICT2133', 'Theory', 'Present', '2025-02-14'),
(727, 'S007', 'ICT2133', 'Theory', 'Present', '2025-02-14'),
(728, 'S008', 'ICT2133', 'Theory', 'Present', '2025-02-14'),
(729, 'S009', 'ICT2133', 'Theory', 'Present', '2025-02-14'),
(730, 'S010', 'ICT2133', 'Theory', 'Present', '2025-02-14'),
(731, 'S011', 'ICT2133', 'Theory', 'Present', '2025-02-14'),
(732, 'S012', 'ICT2133', 'Theory', 'Present', '2025-02-14'),
(733, 'S013', 'ICT2133', 'Theory', 'Present', '2025-02-14'),
(734, 'S014', 'ICT2133', 'Theory', 'Present', '2025-02-14'),
(735, 'S015', 'ICT2133', 'Theory', 'Present', '2025-02-14'),
(736, 'S016', 'ICT2133', 'Theory', 'Present', '2025-02-14'),
(737, 'S017', 'ICT2133', 'Theory', 'Present', '2025-02-14'),
(738, 'S018', 'ICT2133', 'Theory', 'Absent', '2025-02-14'),
(739, 'S019', 'ICT2133', 'Theory', 'Absent', '2025-02-14'),
(740, 'S020', 'ICT2133', 'Theory', 'Present', '2025-02-14'),
(741, 'S001', 'ICT2133', 'Theory', 'Absent', '2025-02-21'),
(742, 'S002', 'ICT2133', 'Theory', 'Present', '2025-02-21'),
(743, 'S003', 'ICT2133', 'Theory', 'Present', '2025-02-21'),
(744, 'S004', 'ICT2133', 'Theory', 'Present', '2025-02-21'),
(745, 'S005', 'ICT2133', 'Theory', 'Present', '2025-02-21'),
(746, 'S006', 'ICT2133', 'Theory', 'Present', '2025-02-21'),
(747, 'S007', 'ICT2133', 'Theory', 'Present', '2025-02-21'),
(748, 'S008', 'ICT2133', 'Theory', 'Present', '2025-02-21'),
(749, 'S009', 'ICT2133', 'Theory', 'Present', '2025-02-21'),
(750, 'S010', 'ICT2133', 'Theory', 'Present', '2025-02-21'),
(751, 'S011', 'ICT2133', 'Theory', 'Absent', '2025-02-21'),
(752, 'S012', 'ICT2133', 'Theory', 'Present', '2025-02-21'),
(753, 'S013', 'ICT2133', 'Theory', 'Present', '2025-02-21'),
(754, 'S014', 'ICT2133', 'Theory', 'Present', '2025-02-21'),
(755, 'S015', 'ICT2133', 'Theory', 'Present', '2025-02-21'),
(756, 'S016', 'ICT2133', 'Theory', 'Present', '2025-02-21'),
(757, 'S017', 'ICT2133', 'Theory', 'Present', '2025-02-21'),
(758, 'S018', 'ICT2133', 'Theory', 'Absent', '2025-02-21'),
(759, 'S019', 'ICT2133', 'Theory', 'Present', '2025-02-21'),
(760, 'S020', 'ICT2133', 'Theory', 'Present', '2025-02-21'),
(761, 'S001', 'ICT2133', 'Theory', 'Present', '2025-02-28'),
(762, 'S002', 'ICT2133', 'Theory', 'Absent', '2025-02-28'),
(763, 'S003', 'ICT2133', 'Theory', 'Present', '2025-02-28'),
(764, 'S004', 'ICT2133', 'Theory', 'Present', '2025-02-28'),
(765, 'S005', 'ICT2133', 'Theory', 'Present', '2025-02-28'),
(766, 'S006', 'ICT2133', 'Theory', 'Present', '2025-02-28'),
(767, 'S007', 'ICT2133', 'Theory', 'Present', '2025-02-28'),
(768, 'S008', 'ICT2133', 'Theory', 'Present', '2025-02-28'),
(769, 'S009', 'ICT2133', 'Theory', 'Present', '2025-02-28'),
(770, 'S010', 'ICT2133', 'Theory', 'Present', '2025-02-28'),
(771, 'S011', 'ICT2133', 'Theory', 'Present', '2025-02-28'),
(772, 'S012', 'ICT2133', 'Theory', 'Present', '2025-02-28'),
(773, 'S013', 'ICT2133', 'Theory', 'Present', '2025-02-28'),
(774, 'S014', 'ICT2133', 'Theory', 'Present', '2025-02-28'),
(775, 'S015', 'ICT2133', 'Theory', 'Present', '2025-02-28'),
(776, 'S016', 'ICT2133', 'Theory', 'Present', '2025-02-28'),
(777, 'S017', 'ICT2133', 'Theory', 'Present', '2025-02-28'),
(778, 'S018', 'ICT2133', 'Theory', 'Absent', '2025-02-28'),
(779, 'S019', 'ICT2133', 'Theory', 'Present', '2025-02-28'),
(780, 'S020', 'ICT2133', 'Theory', 'Present', '2025-02-28'),
(781, 'S001', 'ICT2133', 'Theory', 'Present', '2025-03-07'),
(782, 'S002', 'ICT2133', 'Theory', 'Present', '2025-03-07'),
(783, 'S003', 'ICT2133', 'Theory', 'Present', '2025-03-07'),
(784, 'S004', 'ICT2133', 'Theory', 'Present', '2025-03-07'),
(785, 'S005', 'ICT2133', 'Theory', 'Present', '2025-03-07'),
(786, 'S006', 'ICT2133', 'Theory', 'Present', '2025-03-07'),
(787, 'S007', 'ICT2133', 'Theory', 'Present', '2025-03-07'),
(788, 'S008', 'ICT2133', 'Theory', 'Present', '2025-03-07'),
(789, 'S009', 'ICT2133', 'Theory', 'Present', '2025-03-07'),
(790, 'S010', 'ICT2133', 'Theory', 'Present', '2025-03-07'),
(791, 'S011', 'ICT2133', 'Theory', 'Present', '2025-03-07'),
(792, 'S012', 'ICT2133', 'Theory', 'Absent', '2025-03-07'),
(793, 'S013', 'ICT2133', 'Theory', 'Absent', '2025-03-07'),
(794, 'S014', 'ICT2133', 'Theory', 'Present', '2025-03-07'),
(795, 'S015', 'ICT2133', 'Theory', 'Present', '2025-03-07'),
(796, 'S016', 'ICT2133', 'Theory', 'Present', '2025-03-07'),
(797, 'S017', 'ICT2133', 'Theory', 'Present', '2025-03-07'),
(798, 'S018', 'ICT2133', 'Theory', 'Present', '2025-03-07'),
(799, 'S019', 'ICT2133', 'Theory', 'Present', '2025-03-07'),
(800, 'S020', 'ICT2133', 'Theory', 'Absent', '2025-03-07'),
(801, 'S001', 'ICT2133', 'Theory', 'Absent', '2025-03-14'),
(802, 'S002', 'ICT2133', 'Theory', 'Present', '2025-03-14'),
(803, 'S003', 'ICT2133', 'Theory', 'Present', '2025-03-14'),
(804, 'S004', 'ICT2133', 'Theory', 'Present', '2025-03-14'),
(805, 'S005', 'ICT2133', 'Theory', 'Present', '2025-03-14'),
(806, 'S006', 'ICT2133', 'Theory', 'Present', '2025-03-14'),
(807, 'S007', 'ICT2133', 'Theory', 'Present', '2025-03-14'),
(808, 'S008', 'ICT2133', 'Theory', 'Present', '2025-03-14'),
(809, 'S009', 'ICT2133', 'Theory', 'Present', '2025-03-14'),
(810, 'S010', 'ICT2133', 'Theory', 'Present', '2025-03-14'),
(811, 'S011', 'ICT2133', 'Theory', 'Present', '2025-03-14'),
(812, 'S012', 'ICT2133', 'Theory', 'Present', '2025-03-14'),
(813, 'S013', 'ICT2133', 'Theory', 'Present', '2025-03-14'),
(814, 'S014', 'ICT2133', 'Theory', 'Present', '2025-03-14'),
(815, 'S015', 'ICT2133', 'Theory', 'Present', '2025-03-14'),
(816, 'S016', 'ICT2133', 'Theory', 'Present', '2025-03-14'),
(817, 'S017', 'ICT2133', 'Theory', 'Present', '2025-03-14'),
(818, 'S018', 'ICT2133', 'Theory', 'Present', '2025-03-14'),
(819, 'S019', 'ICT2133', 'Theory', 'Absent', '2025-03-14'),
(820, 'S020', 'ICT2133', 'Theory', 'Present', '2025-03-14'),
(821, 'S001', 'ICT2133', 'Theory', 'Present', '2025-03-21'),
(822, 'S002', 'ICT2133', 'Theory', 'Present', '2025-03-21'),
(823, 'S003', 'ICT2133', 'Theory', 'Present', '2025-03-21'),
(824, 'S004', 'ICT2133', 'Theory', 'Present', '2025-03-21'),
(825, 'S005', 'ICT2133', 'Theory', 'Present', '2025-03-21'),
(826, 'S006', 'ICT2133', 'Theory', 'Present', '2025-03-21'),
(827, 'S007', 'ICT2133', 'Theory', 'Present', '2025-03-21'),
(828, 'S008', 'ICT2133', 'Theory', 'Present', '2025-03-21'),
(829, 'S009', 'ICT2133', 'Theory', 'Present', '2025-03-21'),
(830, 'S010', 'ICT2133', 'Theory', 'Present', '2025-03-21'),
(831, 'S011', 'ICT2133', 'Theory', 'Present', '2025-03-21'),
(832, 'S012', 'ICT2133', 'Theory', 'Present', '2025-03-21'),
(833, 'S013', 'ICT2133', 'Theory', 'Absent', '2025-03-21'),
(834, 'S014', 'ICT2133', 'Theory', 'Present', '2025-03-21'),
(835, 'S015', 'ICT2133', 'Theory', 'Present', '2025-03-21'),
(836, 'S016', 'ICT2133', 'Theory', 'Present', '2025-03-21'),
(837, 'S017', 'ICT2133', 'Theory', 'Present', '2025-03-21'),
(838, 'S018', 'ICT2133', 'Theory', 'Absent', '2025-03-21'),
(839, 'S019', 'ICT2133', 'Theory', 'Present', '2025-03-21'),
(840, 'S020', 'ICT2133', 'Theory', 'Present', '2025-03-21'),
(841, 'S001', 'ICT2133', 'Theory', 'Present', '2025-03-28'),
(842, 'S002', 'ICT2133', 'Theory', 'Present', '2025-03-28'),
(843, 'S003', 'ICT2133', 'Theory', 'Present', '2025-03-28'),
(844, 'S004', 'ICT2133', 'Theory', 'Present', '2025-03-28'),
(845, 'S005', 'ICT2133', 'Theory', 'Absent', '2025-03-28'),
(846, 'S006', 'ICT2133', 'Theory', 'Present', '2025-03-28'),
(847, 'S007', 'ICT2133', 'Theory', 'Present', '2025-03-28'),
(848, 'S008', 'ICT2133', 'Theory', 'Present', '2025-03-28'),
(849, 'S009', 'ICT2133', 'Theory', 'Present', '2025-03-28'),
(850, 'S010', 'ICT2133', 'Theory', 'Present', '2025-03-28'),
(851, 'S011', 'ICT2133', 'Theory', 'Present', '2025-03-28'),
(852, 'S012', 'ICT2133', 'Theory', 'Present', '2025-03-28'),
(853, 'S013', 'ICT2133', 'Theory', 'Present', '2025-03-28'),
(854, 'S014', 'ICT2133', 'Theory', 'Present', '2025-03-28'),
(855, 'S015', 'ICT2133', 'Theory', 'Present', '2025-03-28'),
(856, 'S016', 'ICT2133', 'Theory', 'Present', '2025-03-28'),
(857, 'S017', 'ICT2133', 'Theory', 'Present', '2025-03-28'),
(858, 'S018', 'ICT2133', 'Theory', 'Present', '2025-03-28'),
(859, 'S019', 'ICT2133', 'Theory', 'Present', '2025-03-28'),
(860, 'S020', 'ICT2133', 'Theory', 'Present', '2025-03-28'),
(861, 'S001', 'ICT2133', 'Theory', 'Present', '2025-04-04'),
(862, 'S002', 'ICT2133', 'Theory', 'Present', '2025-04-04'),
(863, 'S003', 'ICT2133', 'Theory', 'Present', '2025-04-04'),
(864, 'S004', 'ICT2133', 'Theory', 'Present', '2025-04-04'),
(865, 'S005', 'ICT2133', 'Theory', 'Present', '2025-04-04'),
(866, 'S006', 'ICT2133', 'Theory', 'Present', '2025-04-04'),
(867, 'S007', 'ICT2133', 'Theory', 'Present', '2025-04-04'),
(868, 'S008', 'ICT2133', 'Theory', 'Present', '2025-04-04'),
(869, 'S009', 'ICT2133', 'Theory', 'Present', '2025-04-04'),
(870, 'S010', 'ICT2133', 'Theory', 'Present', '2025-04-04'),
(871, 'S011', 'ICT2133', 'Theory', 'Present', '2025-04-04'),
(872, 'S012', 'ICT2133', 'Theory', 'Present', '2025-04-04'),
(873, 'S013', 'ICT2133', 'Theory', 'Present', '2025-04-04'),
(874, 'S014', 'ICT2133', 'Theory', 'Present', '2025-04-04'),
(875, 'S015', 'ICT2133', 'Theory', 'Present', '2025-04-04'),
(876, 'S016', 'ICT2133', 'Theory', 'Absent', '2025-04-04'),
(877, 'S017', 'ICT2133', 'Theory', 'Present', '2025-04-04'),
(878, 'S018', 'ICT2133', 'Theory', 'Absent', '2025-04-04'),
(879, 'S019', 'ICT2133', 'Theory', 'Present', '2025-04-04'),
(880, 'S020', 'ICT2133', 'Theory', 'Present', '2025-04-04'),
(881, 'S001', 'ICT2133', 'Theory', 'Present', '2025-04-11'),
(882, 'S002', 'ICT2133', 'Theory', 'Absent', '2025-04-11'),
(883, 'S003', 'ICT2133', 'Theory', 'Present', '2025-04-11'),
(884, 'S004', 'ICT2133', 'Theory', 'Present', '2025-04-11'),
(885, 'S005', 'ICT2133', 'Theory', 'Present', '2025-04-11'),
(886, 'S006', 'ICT2133', 'Theory', 'Present', '2025-04-11'),
(887, 'S007', 'ICT2133', 'Theory', 'Absent', '2025-04-11'),
(888, 'S008', 'ICT2133', 'Theory', 'Present', '2025-04-11'),
(889, 'S009', 'ICT2133', 'Theory', 'Present', '2025-04-11'),
(890, 'S010', 'ICT2133', 'Theory', 'Present', '2025-04-11'),
(891, 'S011', 'ICT2133', 'Theory', 'Present', '2025-04-11'),
(892, 'S012', 'ICT2133', 'Theory', 'Present', '2025-04-11'),
(893, 'S013', 'ICT2133', 'Theory', 'Present', '2025-04-11'),
(894, 'S014', 'ICT2133', 'Theory', 'Present', '2025-04-11'),
(895, 'S015', 'ICT2133', 'Theory', 'Present', '2025-04-11'),
(896, 'S016', 'ICT2133', 'Theory', 'Present', '2025-04-11'),
(897, 'S017', 'ICT2133', 'Theory', 'Present', '2025-04-11'),
(898, 'S018', 'ICT2133', 'Theory', 'Absent', '2025-04-11'),
(899, 'S019', 'ICT2133', 'Theory', 'Present', '2025-04-11'),
(900, 'S020', 'ICT2133', 'Theory', 'Present', '2025-04-11'),
(901, 'S001', 'ICT2142', 'Theory', 'Absent', '2025-01-04'),
(902, 'S002', 'ICT2142', 'Theory', 'Absent', '2025-01-04'),
(903, 'S003', 'ICT2142', 'Theory', 'Present', '2025-01-04'),
(904, 'S004', 'ICT2142', 'Theory', 'Present', '2025-01-04'),
(905, 'S005', 'ICT2142', 'Theory', 'Absent', '2025-01-04'),
(906, 'S006', 'ICT2142', 'Theory', 'Present', '2025-01-04'),
(907, 'S007', 'ICT2142', 'Theory', 'Present', '2025-01-04'),
(908, 'S008', 'ICT2142', 'Theory', 'Present', '2025-01-04'),
(909, 'S009', 'ICT2142', 'Theory', 'Present', '2025-01-04'),
(910, 'S010', 'ICT2142', 'Theory', 'Present', '2025-01-04'),
(911, 'S011', 'ICT2142', 'Theory', 'Present', '2025-01-04'),
(912, 'S012', 'ICT2142', 'Theory', 'Absent', '2025-01-04'),
(913, 'S013', 'ICT2142', 'Theory', 'Present', '2025-01-04'),
(914, 'S014', 'ICT2142', 'Theory', 'Absent', '2025-01-04'),
(915, 'S015', 'ICT2142', 'Theory', 'Present', '2025-01-04'),
(916, 'S016', 'ICT2142', 'Theory', 'Present', '2025-01-04'),
(917, 'S017', 'ICT2142', 'Theory', 'Present', '2025-01-04'),
(918, 'S018', 'ICT2142', 'Theory', 'Absent', '2025-01-04'),
(919, 'S019', 'ICT2142', 'Theory', 'Present', '2025-01-04'),
(920, 'S020', 'ICT2142', 'Theory', 'Present', '2025-01-04'),
(921, 'S001', 'ICT2142', 'Theory', 'Present', '2025-01-11'),
(922, 'S002', 'ICT2142', 'Theory', 'Present', '2025-01-11'),
(923, 'S003', 'ICT2142', 'Theory', 'Absent', '2025-01-11'),
(924, 'S004', 'ICT2142', 'Theory', 'Present', '2025-01-11'),
(925, 'S005', 'ICT2142', 'Theory', 'Present', '2025-01-11'),
(926, 'S006', 'ICT2142', 'Theory', 'Present', '2025-01-11'),
(927, 'S007', 'ICT2142', 'Theory', 'Present', '2025-01-11'),
(928, 'S008', 'ICT2142', 'Theory', 'Present', '2025-01-11'),
(929, 'S009', 'ICT2142', 'Theory', 'Present', '2025-01-11'),
(930, 'S010', 'ICT2142', 'Theory', 'Present', '2025-01-11'),
(931, 'S011', 'ICT2142', 'Theory', 'Absent', '2025-01-11'),
(932, 'S012', 'ICT2142', 'Theory', 'Present', '2025-01-11'),
(933, 'S013', 'ICT2142', 'Theory', 'Present', '2025-01-11'),
(934, 'S014', 'ICT2142', 'Theory', 'Present', '2025-01-11'),
(935, 'S015', 'ICT2142', 'Theory', 'Present', '2025-01-11'),
(936, 'S016', 'ICT2142', 'Theory', 'Absent', '2025-01-11'),
(937, 'S017', 'ICT2142', 'Theory', 'Absent', '2025-01-11'),
(938, 'S018', 'ICT2142', 'Theory', 'Present', '2025-01-11'),
(939, 'S019', 'ICT2142', 'Theory', 'Absent', '2025-01-11'),
(940, 'S020', 'ICT2142', 'Theory', 'Present', '2025-01-11'),
(941, 'S001', 'ICT2142', 'Theory', 'Present', '2025-01-18'),
(942, 'S002', 'ICT2142', 'Theory', 'Present', '2025-01-18'),
(943, 'S003', 'ICT2142', 'Theory', 'Absent', '2025-01-18'),
(944, 'S004', 'ICT2142', 'Theory', 'Present', '2025-01-18'),
(945, 'S005', 'ICT2142', 'Theory', 'Present', '2025-01-18'),
(946, 'S006', 'ICT2142', 'Theory', 'Absent', '2025-01-18'),
(947, 'S007', 'ICT2142', 'Theory', 'Present', '2025-01-18'),
(948, 'S008', 'ICT2142', 'Theory', 'Present', '2025-01-18'),
(949, 'S009', 'ICT2142', 'Theory', 'Present', '2025-01-18'),
(950, 'S010', 'ICT2142', 'Theory', 'Present', '2025-01-18'),
(951, 'S011', 'ICT2142', 'Theory', 'Present', '2025-01-18'),
(952, 'S012', 'ICT2142', 'Theory', 'Present', '2025-01-18'),
(953, 'S013', 'ICT2142', 'Theory', 'Present', '2025-01-18'),
(954, 'S014', 'ICT2142', 'Theory', 'Present', '2025-01-18'),
(955, 'S015', 'ICT2142', 'Theory', 'Present', '2025-01-18'),
(956, 'S016', 'ICT2142', 'Theory', 'Present', '2025-01-18'),
(957, 'S017', 'ICT2142', 'Theory', 'Absent', '2025-01-18'),
(958, 'S018', 'ICT2142', 'Theory', 'Present', '2025-01-18'),
(959, 'S019', 'ICT2142', 'Theory', 'Present', '2025-01-18'),
(960, 'S020', 'ICT2142', 'Theory', 'Absent', '2025-01-18'),
(961, 'S001', 'ICT2142', 'Theory', 'Present', '2025-01-25'),
(962, 'S002', 'ICT2142', 'Theory', 'Present', '2025-01-25'),
(963, 'S003', 'ICT2142', 'Theory', 'Present', '2025-01-25'),
(964, 'S004', 'ICT2142', 'Theory', 'Present', '2025-01-25'),
(965, 'S005', 'ICT2142', 'Theory', 'Present', '2025-01-25'),
(966, 'S006', 'ICT2142', 'Theory', 'Present', '2025-01-25'),
(967, 'S007', 'ICT2142', 'Theory', 'Present', '2025-01-25'),
(968, 'S008', 'ICT2142', 'Theory', 'Present', '2025-01-25'),
(969, 'S009', 'ICT2142', 'Theory', 'Present', '2025-01-25'),
(970, 'S010', 'ICT2142', 'Theory', 'Present', '2025-01-25'),
(971, 'S011', 'ICT2142', 'Theory', 'Present', '2025-01-25'),
(972, 'S012', 'ICT2142', 'Theory', 'Present', '2025-01-25'),
(973, 'S013', 'ICT2142', 'Theory', 'Absent', '2025-01-25'),
(974, 'S014', 'ICT2142', 'Theory', 'Present', '2025-01-25'),
(975, 'S015', 'ICT2142', 'Theory', 'Present', '2025-01-25'),
(976, 'S016', 'ICT2142', 'Theory', 'Absent', '2025-01-25'),
(977, 'S017', 'ICT2142', 'Theory', 'Present', '2025-01-25'),
(978, 'S018', 'ICT2142', 'Theory', 'Present', '2025-01-25'),
(979, 'S019', 'ICT2142', 'Theory', 'Present', '2025-01-25'),
(980, 'S020', 'ICT2142', 'Theory', 'Present', '2025-01-25'),
(981, 'S001', 'ICT2142', 'Theory', 'Present', '2025-02-01'),
(982, 'S002', 'ICT2142', 'Theory', 'Present', '2025-02-01'),
(983, 'S003', 'ICT2142', 'Theory', 'Present', '2025-02-01'),
(984, 'S004', 'ICT2142', 'Theory', 'Present', '2025-02-01'),
(985, 'S005', 'ICT2142', 'Theory', 'Present', '2025-02-01'),
(986, 'S006', 'ICT2142', 'Theory', 'Present', '2025-02-01'),
(987, 'S007', 'ICT2142', 'Theory', 'Present', '2025-02-01'),
(988, 'S008', 'ICT2142', 'Theory', 'Absent', '2025-02-01'),
(989, 'S009', 'ICT2142', 'Theory', 'Present', '2025-02-01'),
(990, 'S010', 'ICT2142', 'Theory', 'Present', '2025-02-01'),
(991, 'S011', 'ICT2142', 'Theory', 'Present', '2025-02-01'),
(992, 'S012', 'ICT2142', 'Theory', 'Present', '2025-02-01'),
(993, 'S013', 'ICT2142', 'Theory', 'Present', '2025-02-01'),
(994, 'S014', 'ICT2142', 'Theory', 'Present', '2025-02-01'),
(995, 'S015', 'ICT2142', 'Theory', 'Present', '2025-02-01'),
(996, 'S016', 'ICT2142', 'Theory', 'Absent', '2025-02-01'),
(997, 'S017', 'ICT2142', 'Theory', 'Present', '2025-02-01'),
(998, 'S018', 'ICT2142', 'Theory', 'Present', '2025-02-01'),
(999, 'S019', 'ICT2142', 'Theory', 'Present', '2025-02-01'),
(1000, 'S020', 'ICT2142', 'Theory', 'Absent', '2025-02-01'),
(1001, 'S001', 'ICT2142', 'Theory', 'Present', '2025-02-08'),
(1002, 'S002', 'ICT2142', 'Theory', 'Present', '2025-02-08'),
(1003, 'S003', 'ICT2142', 'Theory', 'Absent', '2025-02-08'),
(1004, 'S004', 'ICT2142', 'Theory', 'Present', '2025-02-08'),
(1005, 'S005', 'ICT2142', 'Theory', 'Present', '2025-02-08'),
(1006, 'S006', 'ICT2142', 'Theory', 'Present', '2025-02-08'),
(1007, 'S007', 'ICT2142', 'Theory', 'Present', '2025-02-08'),
(1008, 'S008', 'ICT2142', 'Theory', 'Absent', '2025-02-08'),
(1009, 'S009', 'ICT2142', 'Theory', 'Present', '2025-02-08'),
(1010, 'S010', 'ICT2142', 'Theory', 'Present', '2025-02-08'),
(1011, 'S011', 'ICT2142', 'Theory', 'Present', '2025-02-08'),
(1012, 'S012', 'ICT2142', 'Theory', 'Present', '2025-02-08'),
(1013, 'S013', 'ICT2142', 'Theory', 'Present', '2025-02-08'),
(1014, 'S014', 'ICT2142', 'Theory', 'Present', '2025-02-08'),
(1015, 'S015', 'ICT2142', 'Theory', 'Present', '2025-02-08'),
(1016, 'S016', 'ICT2142', 'Theory', 'Present', '2025-02-08'),
(1017, 'S017', 'ICT2142', 'Theory', 'Present', '2025-02-08'),
(1018, 'S018', 'ICT2142', 'Theory', 'Present', '2025-02-08'),
(1019, 'S019', 'ICT2142', 'Theory', 'Present', '2025-02-08'),
(1020, 'S020', 'ICT2142', 'Theory', 'Present', '2025-02-08'),
(1021, 'S001', 'ICT2142', 'Theory', 'Present', '2025-02-15'),
(1022, 'S002', 'ICT2142', 'Theory', 'Present', '2025-02-15'),
(1023, 'S003', 'ICT2142', 'Theory', 'Absent', '2025-02-15'),
(1024, 'S004', 'ICT2142', 'Theory', 'Present', '2025-02-15'),
(1025, 'S005', 'ICT2142', 'Theory', 'Present', '2025-02-15'),
(1026, 'S006', 'ICT2142', 'Theory', 'Present', '2025-02-15'),
(1027, 'S007', 'ICT2142', 'Theory', 'Present', '2025-02-15'),
(1028, 'S008', 'ICT2142', 'Theory', 'Present', '2025-02-15'),
(1029, 'S009', 'ICT2142', 'Theory', 'Present', '2025-02-15'),
(1030, 'S010', 'ICT2142', 'Theory', 'Absent', '2025-02-15'),
(1031, 'S011', 'ICT2142', 'Theory', 'Absent', '2025-02-15'),
(1032, 'S012', 'ICT2142', 'Theory', 'Present', '2025-02-15'),
(1033, 'S013', 'ICT2142', 'Theory', 'Absent', '2025-02-15'),
(1034, 'S014', 'ICT2142', 'Theory', 'Absent', '2025-02-15'),
(1035, 'S015', 'ICT2142', 'Theory', 'Present', '2025-02-15'),
(1036, 'S016', 'ICT2142', 'Theory', 'Present', '2025-02-15'),
(1037, 'S017', 'ICT2142', 'Theory', 'Present', '2025-02-15'),
(1038, 'S018', 'ICT2142', 'Theory', 'Present', '2025-02-15'),
(1039, 'S019', 'ICT2142', 'Theory', 'Present', '2025-02-15'),
(1040, 'S020', 'ICT2142', 'Theory', 'Absent', '2025-02-15'),
(1041, 'S001', 'ICT2142', 'Theory', 'Present', '2025-02-22'),
(1042, 'S002', 'ICT2142', 'Theory', 'Present', '2025-02-22'),
(1043, 'S003', 'ICT2142', 'Theory', 'Present', '2025-02-22'),
(1044, 'S004', 'ICT2142', 'Theory', 'Present', '2025-02-22'),
(1045, 'S005', 'ICT2142', 'Theory', 'Present', '2025-02-22'),
(1046, 'S006', 'ICT2142', 'Theory', 'Present', '2025-02-22'),
(1047, 'S007', 'ICT2142', 'Theory', 'Absent', '2025-02-22'),
(1048, 'S008', 'ICT2142', 'Theory', 'Present', '2025-02-22'),
(1049, 'S009', 'ICT2142', 'Theory', 'Present', '2025-02-22'),
(1050, 'S010', 'ICT2142', 'Theory', 'Absent', '2025-02-22'),
(1051, 'S011', 'ICT2142', 'Theory', 'Present', '2025-02-22'),
(1052, 'S012', 'ICT2142', 'Theory', 'Present', '2025-02-22'),
(1053, 'S013', 'ICT2142', 'Theory', 'Present', '2025-02-22'),
(1054, 'S014', 'ICT2142', 'Theory', 'Present', '2025-02-22'),
(1055, 'S015', 'ICT2142', 'Theory', 'Present', '2025-02-22'),
(1056, 'S016', 'ICT2142', 'Theory', 'Present', '2025-02-22'),
(1057, 'S017', 'ICT2142', 'Theory', 'Present', '2025-02-22'),
(1058, 'S018', 'ICT2142', 'Theory', 'Absent', '2025-02-22'),
(1059, 'S019', 'ICT2142', 'Theory', 'Present', '2025-02-22'),
(1060, 'S020', 'ICT2142', 'Theory', 'Present', '2025-02-22'),
(1061, 'S001', 'ICT2142', 'Theory', 'Present', '2025-03-01'),
(1062, 'S002', 'ICT2142', 'Theory', 'Present', '2025-03-01'),
(1063, 'S003', 'ICT2142', 'Theory', 'Absent', '2025-03-01'),
(1064, 'S004', 'ICT2142', 'Theory', 'Present', '2025-03-01'),
(1065, 'S005', 'ICT2142', 'Theory', 'Present', '2025-03-01'),
(1066, 'S006', 'ICT2142', 'Theory', 'Present', '2025-03-01'),
(1067, 'S007', 'ICT2142', 'Theory', 'Present', '2025-03-01'),
(1068, 'S008', 'ICT2142', 'Theory', 'Present', '2025-03-01'),
(1069, 'S009', 'ICT2142', 'Theory', 'Present', '2025-03-01'),
(1070, 'S010', 'ICT2142', 'Theory', 'Present', '2025-03-01'),
(1071, 'S011', 'ICT2142', 'Theory', 'Present', '2025-03-01'),
(1072, 'S012', 'ICT2142', 'Theory', 'Present', '2025-03-01'),
(1073, 'S013', 'ICT2142', 'Theory', 'Present', '2025-03-01'),
(1074, 'S014', 'ICT2142', 'Theory', 'Present', '2025-03-01'),
(1075, 'S015', 'ICT2142', 'Theory', 'Present', '2025-03-01'),
(1076, 'S016', 'ICT2142', 'Theory', 'Present', '2025-03-01'),
(1077, 'S017', 'ICT2142', 'Theory', 'Present', '2025-03-01'),
(1078, 'S018', 'ICT2142', 'Theory', 'Present', '2025-03-01'),
(1079, 'S019', 'ICT2142', 'Theory', 'Absent', '2025-03-01'),
(1080, 'S020', 'ICT2142', 'Theory', 'Present', '2025-03-01'),
(1081, 'S001', 'ICT2142', 'Theory', 'Present', '2025-03-08'),
(1082, 'S002', 'ICT2142', 'Theory', 'Present', '2025-03-08'),
(1083, 'S003', 'ICT2142', 'Theory', 'Present', '2025-03-08'),
(1084, 'S004', 'ICT2142', 'Theory', 'Present', '2025-03-08'),
(1085, 'S005', 'ICT2142', 'Theory', 'Present', '2025-03-08'),
(1086, 'S006', 'ICT2142', 'Theory', 'Absent', '2025-03-08'),
(1087, 'S007', 'ICT2142', 'Theory', 'Absent', '2025-03-08'),
(1088, 'S008', 'ICT2142', 'Theory', 'Present', '2025-03-08'),
(1089, 'S009', 'ICT2142', 'Theory', 'Present', '2025-03-08'),
(1090, 'S010', 'ICT2142', 'Theory', 'Present', '2025-03-08'),
(1091, 'S011', 'ICT2142', 'Theory', 'Absent', '2025-03-08'),
(1092, 'S012', 'ICT2142', 'Theory', 'Present', '2025-03-08'),
(1093, 'S013', 'ICT2142', 'Theory', 'Present', '2025-03-08'),
(1094, 'S014', 'ICT2142', 'Theory', 'Absent', '2025-03-08'),
(1095, 'S015', 'ICT2142', 'Theory', 'Present', '2025-03-08'),
(1096, 'S016', 'ICT2142', 'Theory', 'Present', '2025-03-08'),
(1097, 'S017', 'ICT2142', 'Theory', 'Absent', '2025-03-08'),
(1098, 'S018', 'ICT2142', 'Theory', 'Present', '2025-03-08'),
(1099, 'S019', 'ICT2142', 'Theory', 'Absent', '2025-03-08'),
(1100, 'S020', 'ICT2142', 'Theory', 'Present', '2025-03-08'),
(1101, 'S001', 'ICT2142', 'Theory', 'Absent', '2025-03-15'),
(1102, 'S002', 'ICT2142', 'Theory', 'Present', '2025-03-15'),
(1103, 'S003', 'ICT2142', 'Theory', 'Present', '2025-03-15'),
(1104, 'S004', 'ICT2142', 'Theory', 'Present', '2025-03-15'),
(1105, 'S005', 'ICT2142', 'Theory', 'Present', '2025-03-15'),
(1106, 'S006', 'ICT2142', 'Theory', 'Present', '2025-03-15'),
(1107, 'S007', 'ICT2142', 'Theory', 'Present', '2025-03-15'),
(1108, 'S008', 'ICT2142', 'Theory', 'Present', '2025-03-15'),
(1109, 'S009', 'ICT2142', 'Theory', 'Present', '2025-03-15'),
(1110, 'S010', 'ICT2142', 'Theory', 'Absent', '2025-03-15'),
(1111, 'S011', 'ICT2142', 'Theory', 'Present', '2025-03-15'),
(1112, 'S012', 'ICT2142', 'Theory', 'Present', '2025-03-15'),
(1113, 'S013', 'ICT2142', 'Theory', 'Present', '2025-03-15'),
(1114, 'S014', 'ICT2142', 'Theory', 'Present', '2025-03-15'),
(1115, 'S015', 'ICT2142', 'Theory', 'Present', '2025-03-15'),
(1116, 'S016', 'ICT2142', 'Theory', 'Present', '2025-03-15'),
(1117, 'S017', 'ICT2142', 'Theory', 'Present', '2025-03-15'),
(1118, 'S018', 'ICT2142', 'Theory', 'Present', '2025-03-15'),
(1119, 'S019', 'ICT2142', 'Theory', 'Absent', '2025-03-15'),
(1120, 'S020', 'ICT2142', 'Theory', 'Present', '2025-03-15'),
(1121, 'S001', 'ICT2142', 'Theory', 'Present', '2025-03-22'),
(1122, 'S002', 'ICT2142', 'Theory', 'Present', '2025-03-22'),
(1123, 'S003', 'ICT2142', 'Theory', 'Present', '2025-03-22'),
(1124, 'S004', 'ICT2142', 'Theory', 'Present', '2025-03-22'),
(1125, 'S005', 'ICT2142', 'Theory', 'Present', '2025-03-22'),
(1126, 'S006', 'ICT2142', 'Theory', 'Present', '2025-03-22'),
(1127, 'S007', 'ICT2142', 'Theory', 'Present', '2025-03-22'),
(1128, 'S008', 'ICT2142', 'Theory', 'Present', '2025-03-22'),
(1129, 'S009', 'ICT2142', 'Theory', 'Absent', '2025-03-22'),
(1130, 'S010', 'ICT2142', 'Theory', 'Present', '2025-03-22'),
(1131, 'S011', 'ICT2142', 'Theory', 'Present', '2025-03-22'),
(1132, 'S012', 'ICT2142', 'Theory', 'Present', '2025-03-22'),
(1133, 'S013', 'ICT2142', 'Theory', 'Present', '2025-03-22'),
(1134, 'S014', 'ICT2142', 'Theory', 'Present', '2025-03-22'),
(1135, 'S015', 'ICT2142', 'Theory', 'Present', '2025-03-22'),
(1136, 'S016', 'ICT2142', 'Theory', 'Present', '2025-03-22'),
(1137, 'S017', 'ICT2142', 'Theory', 'Present', '2025-03-22'),
(1138, 'S018', 'ICT2142', 'Theory', 'Present', '2025-03-22'),
(1139, 'S019', 'ICT2142', 'Theory', 'Present', '2025-03-22'),
(1140, 'S020', 'ICT2142', 'Theory', 'Absent', '2025-03-22'),
(1141, 'S001', 'ICT2142', 'Theory', 'Present', '2025-03-29'),
(1142, 'S002', 'ICT2142', 'Theory', 'Present', '2025-03-29'),
(1143, 'S003', 'ICT2142', 'Theory', 'Present', '2025-03-29'),
(1144, 'S004', 'ICT2142', 'Theory', 'Present', '2025-03-29'),
(1145, 'S005', 'ICT2142', 'Theory', 'Absent', '2025-03-29'),
(1146, 'S006', 'ICT2142', 'Theory', 'Present', '2025-03-29'),
(1147, 'S007', 'ICT2142', 'Theory', 'Present', '2025-03-29'),
(1148, 'S008', 'ICT2142', 'Theory', 'Absent', '2025-03-29'),
(1149, 'S009', 'ICT2142', 'Theory', 'Present', '2025-03-29'),
(1150, 'S010', 'ICT2142', 'Theory', 'Present', '2025-03-29'),
(1151, 'S011', 'ICT2142', 'Theory', 'Present', '2025-03-29'),
(1152, 'S012', 'ICT2142', 'Theory', 'Present', '2025-03-29'),
(1153, 'S013', 'ICT2142', 'Theory', 'Present', '2025-03-29'),
(1154, 'S014', 'ICT2142', 'Theory', 'Absent', '2025-03-29'),
(1155, 'S015', 'ICT2142', 'Theory', 'Present', '2025-03-29'),
(1156, 'S016', 'ICT2142', 'Theory', 'Present', '2025-03-29'),
(1157, 'S017', 'ICT2142', 'Theory', 'Present', '2025-03-29'),
(1158, 'S018', 'ICT2142', 'Theory', 'Present', '2025-03-29'),
(1159, 'S019', 'ICT2142', 'Theory', 'Present', '2025-03-29'),
(1160, 'S020', 'ICT2142', 'Theory', 'Absent', '2025-03-29'),
(1161, 'S001', 'ICT2142', 'Theory', 'Absent', '2025-04-05'),
(1162, 'S002', 'ICT2142', 'Theory', 'Present', '2025-04-05'),
(1163, 'S003', 'ICT2142', 'Theory', 'Present', '2025-04-05'),
(1164, 'S004', 'ICT2142', 'Theory', 'Absent', '2025-04-05'),
(1165, 'S005', 'ICT2142', 'Theory', 'Present', '2025-04-05'),
(1166, 'S006', 'ICT2142', 'Theory', 'Absent', '2025-04-05'),
(1167, 'S007', 'ICT2142', 'Theory', 'Absent', '2025-04-05'),
(1168, 'S008', 'ICT2142', 'Theory', 'Absent', '2025-04-05'),
(1169, 'S009', 'ICT2142', 'Theory', 'Present', '2025-04-05'),
(1170, 'S010', 'ICT2142', 'Theory', 'Present', '2025-04-05'),
(1171, 'S011', 'ICT2142', 'Theory', 'Present', '2025-04-05'),
(1172, 'S012', 'ICT2142', 'Theory', 'Present', '2025-04-05'),
(1173, 'S013', 'ICT2142', 'Theory', 'Present', '2025-04-05'),
(1174, 'S014', 'ICT2142', 'Theory', 'Present', '2025-04-05'),
(1175, 'S015', 'ICT2142', 'Theory', 'Present', '2025-04-05'),
(1176, 'S016', 'ICT2142', 'Theory', 'Absent', '2025-04-05'),
(1177, 'S017', 'ICT2142', 'Theory', 'Present', '2025-04-05'),
(1178, 'S018', 'ICT2142', 'Theory', 'Present', '2025-04-05'),
(1179, 'S019', 'ICT2142', 'Theory', 'Absent', '2025-04-05'),
(1180, 'S020', 'ICT2142', 'Theory', 'Present', '2025-04-05'),
(1181, 'S001', 'ICT2142', 'Theory', 'Present', '2025-04-12'),
(1182, 'S002', 'ICT2142', 'Theory', 'Present', '2025-04-12'),
(1183, 'S003', 'ICT2142', 'Theory', 'Present', '2025-04-12'),
(1184, 'S004', 'ICT2142', 'Theory', 'Present', '2025-04-12'),
(1185, 'S005', 'ICT2142', 'Theory', 'Present', '2025-04-12'),
(1186, 'S006', 'ICT2142', 'Theory', 'Present', '2025-04-12'),
(1187, 'S007', 'ICT2142', 'Theory', 'Present', '2025-04-12'),
(1188, 'S008', 'ICT2142', 'Theory', 'Absent', '2025-04-12'),
(1189, 'S009', 'ICT2142', 'Theory', 'Absent', '2025-04-12'),
(1190, 'S010', 'ICT2142', 'Theory', 'Absent', '2025-04-12'),
(1191, 'S011', 'ICT2142', 'Theory', 'Present', '2025-04-12'),
(1192, 'S012', 'ICT2142', 'Theory', 'Present', '2025-04-12'),
(1193, 'S013', 'ICT2142', 'Theory', 'Present', '2025-04-12'),
(1194, 'S014', 'ICT2142', 'Theory', 'Absent', '2025-04-12'),
(1195, 'S015', 'ICT2142', 'Theory', 'Present', '2025-04-12'),
(1196, 'S016', 'ICT2142', 'Theory', 'Present', '2025-04-12'),
(1197, 'S017', 'ICT2142', 'Theory', 'Present', '2025-04-12'),
(1198, 'S018', 'ICT2142', 'Theory', 'Present', '2025-04-12'),
(1199, 'S019', 'ICT2142', 'Theory', 'Present', '2025-04-12'),
(1200, 'S020', 'ICT2142', 'Theory', 'Present', '2025-04-12'),
(1201, 'S001', 'ICT2152', 'Theory', 'Present', '2025-01-04'),
(1202, 'S002', 'ICT2152', 'Theory', 'Present', '2025-01-04'),
(1203, 'S003', 'ICT2152', 'Theory', 'Present', '2025-01-04'),
(1204, 'S004', 'ICT2152', 'Theory', 'Absent', '2025-01-04'),
(1205, 'S005', 'ICT2152', 'Theory', 'Present', '2025-01-04'),
(1206, 'S006', 'ICT2152', 'Theory', 'Present', '2025-01-04'),
(1207, 'S007', 'ICT2152', 'Theory', 'Present', '2025-01-04'),
(1208, 'S008', 'ICT2152', 'Theory', 'Present', '2025-01-04'),
(1209, 'S009', 'ICT2152', 'Theory', 'Absent', '2025-01-04'),
(1210, 'S010', 'ICT2152', 'Theory', 'Present', '2025-01-04'),
(1211, 'S011', 'ICT2152', 'Theory', 'Present', '2025-01-04'),
(1212, 'S012', 'ICT2152', 'Theory', 'Present', '2025-01-04'),
(1213, 'S013', 'ICT2152', 'Theory', 'Present', '2025-01-04'),
(1214, 'S014', 'ICT2152', 'Theory', 'Present', '2025-01-04'),
(1215, 'S015', 'ICT2152', 'Theory', 'Present', '2025-01-04'),
(1216, 'S016', 'ICT2152', 'Theory', 'Present', '2025-01-04'),
(1217, 'S017', 'ICT2152', 'Theory', 'Absent', '2025-01-04'),
(1218, 'S018', 'ICT2152', 'Theory', 'Present', '2025-01-04'),
(1219, 'S019', 'ICT2152', 'Theory', 'Present', '2025-01-04'),
(1220, 'S020', 'ICT2152', 'Theory', 'Absent', '2025-01-04'),
(1221, 'S001', 'ICT2152', 'Theory', 'Present', '2025-01-11'),
(1222, 'S002', 'ICT2152', 'Theory', 'Present', '2025-01-11'),
(1223, 'S003', 'ICT2152', 'Theory', 'Present', '2025-01-11'),
(1224, 'S004', 'ICT2152', 'Theory', 'Present', '2025-01-11'),
(1225, 'S005', 'ICT2152', 'Theory', 'Present', '2025-01-11'),
(1226, 'S006', 'ICT2152', 'Theory', 'Present', '2025-01-11'),
(1227, 'S007', 'ICT2152', 'Theory', 'Present', '2025-01-11'),
(1228, 'S008', 'ICT2152', 'Theory', 'Present', '2025-01-11'),
(1229, 'S009', 'ICT2152', 'Theory', 'Present', '2025-01-11'),
(1230, 'S010', 'ICT2152', 'Theory', 'Present', '2025-01-11'),
(1231, 'S011', 'ICT2152', 'Theory', 'Present', '2025-01-11'),
(1232, 'S012', 'ICT2152', 'Theory', 'Present', '2025-01-11'),
(1233, 'S013', 'ICT2152', 'Theory', 'Present', '2025-01-11'),
(1234, 'S014', 'ICT2152', 'Theory', 'Present', '2025-01-11'),
(1235, 'S015', 'ICT2152', 'Theory', 'Present', '2025-01-11'),
(1236, 'S016', 'ICT2152', 'Theory', 'Present', '2025-01-11'),
(1237, 'S017', 'ICT2152', 'Theory', 'Present', '2025-01-11'),
(1238, 'S018', 'ICT2152', 'Theory', 'Present', '2025-01-11'),
(1239, 'S019', 'ICT2152', 'Theory', 'Medical', '2025-01-11'),
(1240, 'S020', 'ICT2152', 'Theory', 'Absent', '2025-01-11'),
(1241, 'S001', 'ICT2152', 'Theory', 'Absent', '2025-01-18'),
(1242, 'S002', 'ICT2152', 'Theory', 'Present', '2025-01-18'),
(1243, 'S003', 'ICT2152', 'Theory', 'Present', '2025-01-18'),
(1244, 'S004', 'ICT2152', 'Theory', 'Present', '2025-01-18'),
(1245, 'S005', 'ICT2152', 'Theory', 'Present', '2025-01-18'),
(1246, 'S006', 'ICT2152', 'Theory', 'Present', '2025-01-18'),
(1247, 'S007', 'ICT2152', 'Theory', 'Present', '2025-01-18'),
(1248, 'S008', 'ICT2152', 'Theory', 'Present', '2025-01-18'),
(1249, 'S009', 'ICT2152', 'Theory', 'Present', '2025-01-18'),
(1250, 'S010', 'ICT2152', 'Theory', 'Present', '2025-01-18'),
(1251, 'S011', 'ICT2152', 'Theory', 'Present', '2025-01-18'),
(1252, 'S012', 'ICT2152', 'Theory', 'Present', '2025-01-18'),
(1253, 'S013', 'ICT2152', 'Theory', 'Present', '2025-01-18'),
(1254, 'S014', 'ICT2152', 'Theory', 'Present', '2025-01-18'),
(1255, 'S015', 'ICT2152', 'Theory', 'Present', '2025-01-18'),
(1256, 'S016', 'ICT2152', 'Theory', 'Present', '2025-01-18'),
(1257, 'S017', 'ICT2152', 'Theory', 'Present', '2025-01-18'),
(1258, 'S018', 'ICT2152', 'Theory', 'Present', '2025-01-18'),
(1259, 'S019', 'ICT2152', 'Theory', 'Present', '2025-01-18'),
(1260, 'S020', 'ICT2152', 'Theory', 'Present', '2025-01-18'),
(1261, 'S001', 'ICT2152', 'Theory', 'Present', '2025-01-25'),
(1262, 'S002', 'ICT2152', 'Theory', 'Present', '2025-01-25'),
(1263, 'S003', 'ICT2152', 'Theory', 'Present', '2025-01-25'),
(1264, 'S004', 'ICT2152', 'Theory', 'Present', '2025-01-25'),
(1265, 'S005', 'ICT2152', 'Theory', 'Present', '2025-01-25'),
(1266, 'S006', 'ICT2152', 'Theory', 'Present', '2025-01-25'),
(1267, 'S007', 'ICT2152', 'Theory', 'Present', '2025-01-25'),
(1268, 'S008', 'ICT2152', 'Theory', 'Absent', '2025-01-25'),
(1269, 'S009', 'ICT2152', 'Theory', 'Absent', '2025-01-25'),
(1270, 'S010', 'ICT2152', 'Theory', 'Present', '2025-01-25'),
(1271, 'S011', 'ICT2152', 'Theory', 'Present', '2025-01-25'),
(1272, 'S012', 'ICT2152', 'Theory', 'Present', '2025-01-25'),
(1273, 'S013', 'ICT2152', 'Theory', 'Absent', '2025-01-25'),
(1274, 'S014', 'ICT2152', 'Theory', 'Present', '2025-01-25'),
(1275, 'S015', 'ICT2152', 'Theory', 'Absent', '2025-01-25'),
(1276, 'S016', 'ICT2152', 'Theory', 'Present', '2025-01-25'),
(1277, 'S017', 'ICT2152', 'Theory', 'Present', '2025-01-25'),
(1278, 'S018', 'ICT2152', 'Theory', 'Absent', '2025-01-25'),
(1279, 'S019', 'ICT2152', 'Theory', 'Present', '2025-01-25'),
(1280, 'S020', 'ICT2152', 'Theory', 'Present', '2025-01-25'),
(1281, 'S001', 'ICT2152', 'Theory', 'Present', '2025-02-01'),
(1282, 'S002', 'ICT2152', 'Theory', 'Present', '2025-02-01'),
(1283, 'S003', 'ICT2152', 'Theory', 'Present', '2025-02-01'),
(1284, 'S004', 'ICT2152', 'Theory', 'Present', '2025-02-01'),
(1285, 'S005', 'ICT2152', 'Theory', 'Present', '2025-02-01'),
(1286, 'S006', 'ICT2152', 'Theory', 'Present', '2025-02-01'),
(1287, 'S007', 'ICT2152', 'Theory', 'Present', '2025-02-01'),
(1288, 'S008', 'ICT2152', 'Theory', 'Present', '2025-02-01'),
(1289, 'S009', 'ICT2152', 'Theory', 'Present', '2025-02-01'),
(1290, 'S010', 'ICT2152', 'Theory', 'Present', '2025-02-01'),
(1291, 'S011', 'ICT2152', 'Theory', 'Absent', '2025-02-01'),
(1292, 'S012', 'ICT2152', 'Theory', 'Present', '2025-02-01'),
(1293, 'S013', 'ICT2152', 'Theory', 'Present', '2025-02-01'),
(1294, 'S014', 'ICT2152', 'Theory', 'Present', '2025-02-01'),
(1295, 'S015', 'ICT2152', 'Theory', 'Present', '2025-02-01'),
(1296, 'S016', 'ICT2152', 'Theory', 'Present', '2025-02-01'),
(1297, 'S017', 'ICT2152', 'Theory', 'Absent', '2025-02-01'),
(1298, 'S018', 'ICT2152', 'Theory', 'Present', '2025-02-01'),
(1299, 'S019', 'ICT2152', 'Theory', 'Medical', '2025-02-01'),
(1300, 'S020', 'ICT2152', 'Theory', 'Present', '2025-02-01'),
(1301, 'S001', 'ICT2152', 'Theory', 'Present', '2025-02-08'),
(1302, 'S002', 'ICT2152', 'Theory', 'Present', '2025-02-08'),
(1303, 'S003', 'ICT2152', 'Theory', 'Present', '2025-02-08'),
(1304, 'S004', 'ICT2152', 'Theory', 'Absent', '2025-02-08'),
(1305, 'S005', 'ICT2152', 'Theory', 'Present', '2025-02-08'),
(1306, 'S006', 'ICT2152', 'Theory', 'Absent', '2025-02-08'),
(1307, 'S007', 'ICT2152', 'Theory', 'Present', '2025-02-08'),
(1308, 'S008', 'ICT2152', 'Theory', 'Present', '2025-02-08'),
(1309, 'S009', 'ICT2152', 'Theory', 'Present', '2025-02-08'),
(1310, 'S010', 'ICT2152', 'Theory', 'Present', '2025-02-08'),
(1311, 'S011', 'ICT2152', 'Theory', 'Present', '2025-02-08'),
(1312, 'S012', 'ICT2152', 'Theory', 'Absent', '2025-02-08'),
(1313, 'S013', 'ICT2152', 'Theory', 'Absent', '2025-02-08'),
(1314, 'S014', 'ICT2152', 'Theory', 'Present', '2025-02-08'),
(1315, 'S015', 'ICT2152', 'Theory', 'Present', '2025-02-08'),
(1316, 'S016', 'ICT2152', 'Theory', 'Present', '2025-02-08'),
(1317, 'S017', 'ICT2152', 'Theory', 'Present', '2025-02-08'),
(1318, 'S018', 'ICT2152', 'Theory', 'Present', '2025-02-08'),
(1319, 'S019', 'ICT2152', 'Theory', 'Present', '2025-02-08'),
(1320, 'S020', 'ICT2152', 'Theory', 'Present', '2025-02-08'),
(1321, 'S001', 'ICT2152', 'Theory', 'Present', '2025-02-15'),
(1322, 'S002', 'ICT2152', 'Theory', 'Present', '2025-02-15'),
(1323, 'S003', 'ICT2152', 'Theory', 'Present', '2025-02-15'),
(1324, 'S004', 'ICT2152', 'Theory', 'Present', '2025-02-15'),
(1325, 'S005', 'ICT2152', 'Theory', 'Present', '2025-02-15'),
(1326, 'S006', 'ICT2152', 'Theory', 'Present', '2025-02-15'),
(1327, 'S007', 'ICT2152', 'Theory', 'Absent', '2025-02-15'),
(1328, 'S008', 'ICT2152', 'Theory', 'Present', '2025-02-15'),
(1329, 'S009', 'ICT2152', 'Theory', 'Present', '2025-02-15'),
(1330, 'S010', 'ICT2152', 'Theory', 'Present', '2025-02-15'),
(1331, 'S011', 'ICT2152', 'Theory', 'Present', '2025-02-15'),
(1332, 'S012', 'ICT2152', 'Theory', 'Present', '2025-02-15'),
(1333, 'S013', 'ICT2152', 'Theory', 'Present', '2025-02-15'),
(1334, 'S014', 'ICT2152', 'Theory', 'Present', '2025-02-15'),
(1335, 'S015', 'ICT2152', 'Theory', 'Present', '2025-02-15'),
(1336, 'S016', 'ICT2152', 'Theory', 'Present', '2025-02-15'),
(1337, 'S017', 'ICT2152', 'Theory', 'Present', '2025-02-15'),
(1338, 'S018', 'ICT2152', 'Theory', 'Absent', '2025-02-15'),
(1339, 'S019', 'ICT2152', 'Theory', 'Present', '2025-02-15'),
(1340, 'S020', 'ICT2152', 'Theory', 'Present', '2025-02-15'),
(1341, 'S001', 'ICT2152', 'Theory', 'Present', '2025-02-22'),
(1342, 'S002', 'ICT2152', 'Theory', 'Present', '2025-02-22'),
(1343, 'S003', 'ICT2152', 'Theory', 'Absent', '2025-02-22'),
(1344, 'S004', 'ICT2152', 'Theory', 'Absent', '2025-02-22'),
(1345, 'S005', 'ICT2152', 'Theory', 'Present', '2025-02-22'),
(1346, 'S006', 'ICT2152', 'Theory', 'Present', '2025-02-22'),
(1347, 'S007', 'ICT2152', 'Theory', 'Present', '2025-02-22'),
(1348, 'S008', 'ICT2152', 'Theory', 'Present', '2025-02-22'),
(1349, 'S009', 'ICT2152', 'Theory', 'Present', '2025-02-22'),
(1350, 'S010', 'ICT2152', 'Theory', 'Present', '2025-02-22'),
(1351, 'S011', 'ICT2152', 'Theory', 'Present', '2025-02-22'),
(1352, 'S012', 'ICT2152', 'Theory', 'Present', '2025-02-22'),
(1353, 'S013', 'ICT2152', 'Theory', 'Present', '2025-02-22'),
(1354, 'S014', 'ICT2152', 'Theory', 'Present', '2025-02-22'),
(1355, 'S015', 'ICT2152', 'Theory', 'Present', '2025-02-22'),
(1356, 'S016', 'ICT2152', 'Theory', 'Present', '2025-02-22'),
(1357, 'S017', 'ICT2152', 'Theory', 'Absent', '2025-02-22'),
(1358, 'S018', 'ICT2152', 'Theory', 'Present', '2025-02-22'),
(1359, 'S019', 'ICT2152', 'Theory', 'Present', '2025-02-22'),
(1360, 'S020', 'ICT2152', 'Theory', 'Present', '2025-02-22'),
(1361, 'S001', 'ICT2152', 'Theory', 'Present', '2025-03-01'),
(1362, 'S002', 'ICT2152', 'Theory', 'Present', '2025-03-01'),
(1363, 'S003', 'ICT2152', 'Theory', 'Present', '2025-03-01'),
(1364, 'S004', 'ICT2152', 'Theory', 'Present', '2025-03-01'),
(1365, 'S005', 'ICT2152', 'Theory', 'Present', '2025-03-01'),
(1366, 'S006', 'ICT2152', 'Theory', 'Absent', '2025-03-01'),
(1367, 'S007', 'ICT2152', 'Theory', 'Present', '2025-03-01'),
(1368, 'S008', 'ICT2152', 'Theory', 'Present', '2025-03-01'),
(1369, 'S009', 'ICT2152', 'Theory', 'Present', '2025-03-01'),
(1370, 'S010', 'ICT2152', 'Theory', 'Present', '2025-03-01'),
(1371, 'S011', 'ICT2152', 'Theory', 'Present', '2025-03-01'),
(1372, 'S012', 'ICT2152', 'Theory', 'Present', '2025-03-01'),
(1373, 'S013', 'ICT2152', 'Theory', 'Present', '2025-03-01'),
(1374, 'S014', 'ICT2152', 'Theory', 'Present', '2025-03-01'),
(1375, 'S015', 'ICT2152', 'Theory', 'Absent', '2025-03-01'),
(1376, 'S016', 'ICT2152', 'Theory', 'Absent', '2025-03-01'),
(1377, 'S017', 'ICT2152', 'Theory', 'Present', '2025-03-01'),
(1378, 'S018', 'ICT2152', 'Theory', 'Present', '2025-03-01'),
(1379, 'S019', 'ICT2152', 'Theory', 'Medical', '2025-03-01'),
(1380, 'S020', 'ICT2152', 'Theory', 'Present', '2025-03-01'),
(1381, 'S001', 'ICT2152', 'Theory', 'Present', '2025-03-08'),
(1382, 'S002', 'ICT2152', 'Theory', 'Present', '2025-03-08'),
(1383, 'S003', 'ICT2152', 'Theory', 'Present', '2025-03-08'),
(1384, 'S004', 'ICT2152', 'Theory', 'Present', '2025-03-08'),
(1385, 'S005', 'ICT2152', 'Theory', 'Present', '2025-03-08'),
(1386, 'S006', 'ICT2152', 'Theory', 'Present', '2025-03-08'),
(1387, 'S007', 'ICT2152', 'Theory', 'Present', '2025-03-08'),
(1388, 'S008', 'ICT2152', 'Theory', 'Absent', '2025-03-08'),
(1389, 'S009', 'ICT2152', 'Theory', 'Present', '2025-03-08'),
(1390, 'S010', 'ICT2152', 'Theory', 'Present', '2025-03-08'),
(1391, 'S011', 'ICT2152', 'Theory', 'Present', '2025-03-08'),
(1392, 'S012', 'ICT2152', 'Theory', 'Present', '2025-03-08'),
(1393, 'S013', 'ICT2152', 'Theory', 'Present', '2025-03-08'),
(1394, 'S014', 'ICT2152', 'Theory', 'Present', '2025-03-08'),
(1395, 'S015', 'ICT2152', 'Theory', 'Absent', '2025-03-08'),
(1396, 'S016', 'ICT2152', 'Theory', 'Present', '2025-03-08'),
(1397, 'S017', 'ICT2152', 'Theory', 'Present', '2025-03-08'),
(1398, 'S018', 'ICT2152', 'Theory', 'Absent', '2025-03-08'),
(1399, 'S019', 'ICT2152', 'Theory', 'Present', '2025-03-08'),
(1400, 'S020', 'ICT2152', 'Theory', 'Present', '2025-03-08'),
(1401, 'S001', 'ICT2152', 'Theory', 'Present', '2025-03-15'),
(1402, 'S002', 'ICT2152', 'Theory', 'Present', '2025-03-15'),
(1403, 'S003', 'ICT2152', 'Theory', 'Present', '2025-03-15'),
(1404, 'S004', 'ICT2152', 'Theory', 'Present', '2025-03-15'),
(1405, 'S005', 'ICT2152', 'Theory', 'Absent', '2025-03-15'),
(1406, 'S006', 'ICT2152', 'Theory', 'Present', '2025-03-15'),
(1407, 'S007', 'ICT2152', 'Theory', 'Absent', '2025-03-15'),
(1408, 'S008', 'ICT2152', 'Theory', 'Present', '2025-03-15'),
(1409, 'S009', 'ICT2152', 'Theory', 'Present', '2025-03-15'),
(1410, 'S010', 'ICT2152', 'Theory', 'Present', '2025-03-15'),
(1411, 'S011', 'ICT2152', 'Theory', 'Present', '2025-03-15'),
(1412, 'S012', 'ICT2152', 'Theory', 'Present', '2025-03-15'),
(1413, 'S013', 'ICT2152', 'Theory', 'Absent', '2025-03-15'),
(1414, 'S014', 'ICT2152', 'Theory', 'Present', '2025-03-15'),
(1415, 'S015', 'ICT2152', 'Theory', 'Present', '2025-03-15'),
(1416, 'S016', 'ICT2152', 'Theory', 'Absent', '2025-03-15'),
(1417, 'S017', 'ICT2152', 'Theory', 'Absent', '2025-03-15'),
(1418, 'S018', 'ICT2152', 'Theory', 'Present', '2025-03-15'),
(1419, 'S019', 'ICT2152', 'Theory', 'Present', '2025-03-15'),
(1420, 'S020', 'ICT2152', 'Theory', 'Present', '2025-03-15'),
(1421, 'S001', 'ICT2152', 'Theory', 'Present', '2025-03-22'),
(1422, 'S002', 'ICT2152', 'Theory', 'Present', '2025-03-22'),
(1423, 'S003', 'ICT2152', 'Theory', 'Present', '2025-03-22'),
(1424, 'S004', 'ICT2152', 'Theory', 'Present', '2025-03-22'),
(1425, 'S005', 'ICT2152', 'Theory', 'Present', '2025-03-22'),
(1426, 'S006', 'ICT2152', 'Theory', 'Present', '2025-03-22'),
(1427, 'S007', 'ICT2152', 'Theory', 'Present', '2025-03-22'),
(1428, 'S008', 'ICT2152', 'Theory', 'Present', '2025-03-22'),
(1429, 'S009', 'ICT2152', 'Theory', 'Present', '2025-03-22'),
(1430, 'S010', 'ICT2152', 'Theory', 'Absent', '2025-03-22'),
(1431, 'S011', 'ICT2152', 'Theory', 'Present', '2025-03-22'),
(1432, 'S012', 'ICT2152', 'Theory', 'Present', '2025-03-22'),
(1433, 'S013', 'ICT2152', 'Theory', 'Present', '2025-03-22'),
(1434, 'S014', 'ICT2152', 'Theory', 'Present', '2025-03-22'),
(1435, 'S015', 'ICT2152', 'Theory', 'Present', '2025-03-22'),
(1436, 'S016', 'ICT2152', 'Theory', 'Present', '2025-03-22'),
(1437, 'S017', 'ICT2152', 'Theory', 'Present', '2025-03-22'),
(1438, 'S018', 'ICT2152', 'Theory', 'Absent', '2025-03-22'),
(1439, 'S019', 'ICT2152', 'Theory', 'Present', '2025-03-22'),
(1440, 'S020', 'ICT2152', 'Theory', 'Present', '2025-03-22'),
(1441, 'S001', 'ICT2152', 'Theory', 'Present', '2025-03-29'),
(1442, 'S002', 'ICT2152', 'Theory', 'Present', '2025-03-29'),
(1443, 'S003', 'ICT2152', 'Theory', 'Present', '2025-03-29'),
(1444, 'S004', 'ICT2152', 'Theory', 'Absent', '2025-03-29'),
(1445, 'S005', 'ICT2152', 'Theory', 'Present', '2025-03-29'),
(1446, 'S006', 'ICT2152', 'Theory', 'Absent', '2025-03-29'),
(1447, 'S007', 'ICT2152', 'Theory', 'Present', '2025-03-29'),
(1448, 'S008', 'ICT2152', 'Theory', 'Present', '2025-03-29'),
(1449, 'S009', 'ICT2152', 'Theory', 'Present', '2025-03-29'),
(1450, 'S010', 'ICT2152', 'Theory', 'Present', '2025-03-29'),
(1451, 'S011', 'ICT2152', 'Theory', 'Present', '2025-03-29'),
(1452, 'S012', 'ICT2152', 'Theory', 'Absent', '2025-03-29'),
(1453, 'S013', 'ICT2152', 'Theory', 'Present', '2025-03-29'),
(1454, 'S014', 'ICT2152', 'Theory', 'Present', '2025-03-29'),
(1455, 'S015', 'ICT2152', 'Theory', 'Present', '2025-03-29'),
(1456, 'S016', 'ICT2152', 'Theory', 'Present', '2025-03-29'),
(1457, 'S017', 'ICT2152', 'Theory', 'Present', '2025-03-29'),
(1458, 'S018', 'ICT2152', 'Theory', 'Absent', '2025-03-29'),
(1459, 'S019', 'ICT2152', 'Theory', 'Absent', '2025-03-29'),
(1460, 'S020', 'ICT2152', 'Theory', 'Absent', '2025-03-29'),
(1461, 'S001', 'ICT2152', 'Theory', 'Absent', '2025-04-05'),
(1462, 'S002', 'ICT2152', 'Theory', 'Present', '2025-04-05'),
(1463, 'S003', 'ICT2152', 'Theory', 'Present', '2025-04-05'),
(1464, 'S004', 'ICT2152', 'Theory', 'Present', '2025-04-05'),
(1465, 'S005', 'ICT2152', 'Theory', 'Present', '2025-04-05'),
(1466, 'S006', 'ICT2152', 'Theory', 'Present', '2025-04-05'),
(1467, 'S007', 'ICT2152', 'Theory', 'Present', '2025-04-05'),
(1468, 'S008', 'ICT2152', 'Theory', 'Present', '2025-04-05'),
(1469, 'S009', 'ICT2152', 'Theory', 'Present', '2025-04-05'),
(1470, 'S010', 'ICT2152', 'Theory', 'Present', '2025-04-05'),
(1471, 'S011', 'ICT2152', 'Theory', 'Present', '2025-04-05'),
(1472, 'S012', 'ICT2152', 'Theory', 'Present', '2025-04-05'),
(1473, 'S013', 'ICT2152', 'Theory', 'Present', '2025-04-05'),
(1474, 'S014', 'ICT2152', 'Theory', 'Present', '2025-04-05'),
(1475, 'S015', 'ICT2152', 'Theory', 'Present', '2025-04-05'),
(1476, 'S016', 'ICT2152', 'Theory', 'Present', '2025-04-05'),
(1477, 'S017', 'ICT2152', 'Theory', 'Present', '2025-04-05'),
(1478, 'S018', 'ICT2152', 'Theory', 'Present', '2025-04-05'),
(1479, 'S019', 'ICT2152', 'Theory', 'Medical', '2025-04-05'),
(1480, 'S020', 'ICT2152', 'Theory', 'Present', '2025-04-05'),
(1481, 'S001', 'ICT2152', 'Theory', 'Present', '2025-04-12'),
(1482, 'S002', 'ICT2152', 'Theory', 'Present', '2025-04-12'),
(1483, 'S003', 'ICT2152', 'Theory', 'Absent', '2025-04-12'),
(1484, 'S004', 'ICT2152', 'Theory', 'Present', '2025-04-12'),
(1485, 'S005', 'ICT2152', 'Theory', 'Present', '2025-04-12'),
(1486, 'S006', 'ICT2152', 'Theory', 'Present', '2025-04-12'),
(1487, 'S007', 'ICT2152', 'Theory', 'Present', '2025-04-12'),
(1488, 'S008', 'ICT2152', 'Theory', 'Present', '2025-04-12'),
(1489, 'S009', 'ICT2152', 'Theory', 'Present', '2025-04-12'),
(1490, 'S010', 'ICT2152', 'Theory', 'Present', '2025-04-12'),
(1491, 'S011', 'ICT2152', 'Theory', 'Present', '2025-04-12'),
(1492, 'S012', 'ICT2152', 'Theory', 'Present', '2025-04-12'),
(1493, 'S013', 'ICT2152', 'Theory', 'Present', '2025-04-12'),
(1494, 'S014', 'ICT2152', 'Theory', 'Present', '2025-04-12'),
(1495, 'S015', 'ICT2152', 'Theory', 'Absent', '2025-04-12'),
(1496, 'S016', 'ICT2152', 'Theory', 'Present', '2025-04-12'),
(1497, 'S017', 'ICT2152', 'Theory', 'Present', '2025-04-12'),
(1498, 'S018', 'ICT2152', 'Theory', 'Present', '2025-04-12'),
(1499, 'S019', 'ICT2152', 'Theory', 'Present', '2025-04-12'),
(1500, 'S020', 'ICT2152', 'Theory', 'Present', '2025-04-12'),
(1501, 'S001', 'ENG2122', 'Theory', 'Present', '2025-01-05'),
(1502, 'S002', 'ENG2122', 'Theory', 'Present', '2025-01-05'),
(1503, 'S003', 'ENG2122', 'Theory', 'Present', '2025-01-05'),
(1504, 'S004', 'ENG2122', 'Theory', 'Present', '2025-01-05'),
(1505, 'S005', 'ENG2122', 'Theory', 'Present', '2025-01-05'),
(1506, 'S006', 'ENG2122', 'Theory', 'Absent', '2025-01-05'),
(1507, 'S007', 'ENG2122', 'Theory', 'Present', '2025-01-05'),
(1508, 'S008', 'ENG2122', 'Theory', 'Present', '2025-01-05'),
(1509, 'S009', 'ENG2122', 'Theory', 'Present', '2025-01-05'),
(1510, 'S010', 'ENG2122', 'Theory', 'Present', '2025-01-05'),
(1511, 'S011', 'ENG2122', 'Theory', 'Present', '2025-01-05'),
(1512, 'S012', 'ENG2122', 'Theory', 'Present', '2025-01-05'),
(1513, 'S013', 'ENG2122', 'Theory', 'Present', '2025-01-05'),
(1514, 'S014', 'ENG2122', 'Theory', 'Present', '2025-01-05'),
(1515, 'S015', 'ENG2122', 'Theory', 'Present', '2025-01-05'),
(1516, 'S016', 'ENG2122', 'Theory', 'Absent', '2025-01-05'),
(1517, 'S017', 'ENG2122', 'Theory', 'Present', '2025-01-05'),
(1518, 'S018', 'ENG2122', 'Theory', 'Present', '2025-01-05'),
(1519, 'S019', 'ENG2122', 'Theory', 'Present', '2025-01-05'),
(1520, 'S020', 'ENG2122', 'Theory', 'Absent', '2025-01-05'),
(1521, 'S001', 'ENG2122', 'Theory', 'Present', '2025-01-12'),
(1522, 'S002', 'ENG2122', 'Theory', 'Present', '2025-01-12'),
(1523, 'S003', 'ENG2122', 'Theory', 'Present', '2025-01-12'),
(1524, 'S004', 'ENG2122', 'Theory', 'Present', '2025-01-12'),
(1525, 'S005', 'ENG2122', 'Theory', 'Present', '2025-01-12'),
(1526, 'S006', 'ENG2122', 'Theory', 'Present', '2025-01-12'),
(1527, 'S007', 'ENG2122', 'Theory', 'Present', '2025-01-12'),
(1528, 'S008', 'ENG2122', 'Theory', 'Present', '2025-01-12'),
(1529, 'S009', 'ENG2122', 'Theory', 'Present', '2025-01-12'),
(1530, 'S010', 'ENG2122', 'Theory', 'Present', '2025-01-12'),
(1531, 'S011', 'ENG2122', 'Theory', 'Present', '2025-01-12'),
(1532, 'S012', 'ENG2122', 'Theory', 'Present', '2025-01-12'),
(1533, 'S013', 'ENG2122', 'Theory', 'Present', '2025-01-12'),
(1534, 'S014', 'ENG2122', 'Theory', 'Present', '2025-01-12'),
(1535, 'S015', 'ENG2122', 'Theory', 'Present', '2025-01-12'),
(1536, 'S016', 'ENG2122', 'Theory', 'Present', '2025-01-12'),
(1537, 'S017', 'ENG2122', 'Theory', 'Present', '2025-01-12'),
(1538, 'S018', 'ENG2122', 'Theory', 'Absent', '2025-01-12'),
(1539, 'S019', 'ENG2122', 'Theory', 'Present', '2025-01-12'),
(1540, 'S020', 'ENG2122', 'Theory', 'Absent', '2025-01-12'),
(1541, 'S001', 'ENG2122', 'Theory', 'Present', '2025-01-19'),
(1542, 'S002', 'ENG2122', 'Theory', 'Absent', '2025-01-19'),
(1543, 'S003', 'ENG2122', 'Theory', 'Absent', '2025-01-19'),
(1544, 'S004', 'ENG2122', 'Theory', 'Present', '2025-01-19'),
(1545, 'S005', 'ENG2122', 'Theory', 'Present', '2025-01-19'),
(1546, 'S006', 'ENG2122', 'Theory', 'Present', '2025-01-19'),
(1547, 'S007', 'ENG2122', 'Theory', 'Present', '2025-01-19'),
(1548, 'S008', 'ENG2122', 'Theory', 'Absent', '2025-01-19'),
(1549, 'S009', 'ENG2122', 'Theory', 'Present', '2025-01-19'),
(1550, 'S010', 'ENG2122', 'Theory', 'Present', '2025-01-19'),
(1551, 'S011', 'ENG2122', 'Theory', 'Present', '2025-01-19'),
(1552, 'S012', 'ENG2122', 'Theory', 'Absent', '2025-01-19'),
(1553, 'S013', 'ENG2122', 'Theory', 'Present', '2025-01-19'),
(1554, 'S014', 'ENG2122', 'Theory', 'Present', '2025-01-19'),
(1555, 'S015', 'ENG2122', 'Theory', 'Present', '2025-01-19'),
(1556, 'S016', 'ENG2122', 'Theory', 'Present', '2025-01-19'),
(1557, 'S017', 'ENG2122', 'Theory', 'Present', '2025-01-19'),
(1558, 'S018', 'ENG2122', 'Theory', 'Present', '2025-01-19'),
(1559, 'S019', 'ENG2122', 'Theory', 'Present', '2025-01-19'),
(1560, 'S020', 'ENG2122', 'Theory', 'Present', '2025-01-19'),
(1561, 'S001', 'ENG2122', 'Theory', 'Present', '2025-01-26'),
(1562, 'S002', 'ENG2122', 'Theory', 'Present', '2025-01-26'),
(1563, 'S003', 'ENG2122', 'Theory', 'Present', '2025-01-26'),
(1564, 'S004', 'ENG2122', 'Theory', 'Present', '2025-01-26'),
(1565, 'S005', 'ENG2122', 'Theory', 'Present', '2025-01-26'),
(1566, 'S006', 'ENG2122', 'Theory', 'Absent', '2025-01-26'),
(1567, 'S007', 'ENG2122', 'Theory', 'Present', '2025-01-26'),
(1568, 'S008', 'ENG2122', 'Theory', 'Present', '2025-01-26'),
(1569, 'S009', 'ENG2122', 'Theory', 'Present', '2025-01-26'),
(1570, 'S010', 'ENG2122', 'Theory', 'Present', '2025-01-26'),
(1571, 'S011', 'ENG2122', 'Theory', 'Present', '2025-01-26'),
(1572, 'S012', 'ENG2122', 'Theory', 'Present', '2025-01-26'),
(1573, 'S013', 'ENG2122', 'Theory', 'Present', '2025-01-26'),
(1574, 'S014', 'ENG2122', 'Theory', 'Present', '2025-01-26'),
(1575, 'S015', 'ENG2122', 'Theory', 'Present', '2025-01-26'),
(1576, 'S016', 'ENG2122', 'Theory', 'Absent', '2025-01-26'),
(1577, 'S017', 'ENG2122', 'Theory', 'Present', '2025-01-26'),
(1578, 'S018', 'ENG2122', 'Theory', 'Present', '2025-01-26'),
(1579, 'S019', 'ENG2122', 'Theory', 'Present', '2025-01-26'),
(1580, 'S020', 'ENG2122', 'Theory', 'Absent', '2025-01-26'),
(1581, 'S001', 'ENG2122', 'Theory', 'Present', '2025-02-02'),
(1582, 'S002', 'ENG2122', 'Theory', 'Present', '2025-02-02'),
(1583, 'S003', 'ENG2122', 'Theory', 'Present', '2025-02-02'),
(1584, 'S004', 'ENG2122', 'Theory', 'Present', '2025-02-02'),
(1585, 'S005', 'ENG2122', 'Theory', 'Present', '2025-02-02'),
(1586, 'S006', 'ENG2122', 'Theory', 'Present', '2025-02-02'),
(1587, 'S007', 'ENG2122', 'Theory', 'Present', '2025-02-02'),
(1588, 'S008', 'ENG2122', 'Theory', 'Present', '2025-02-02'),
(1589, 'S009', 'ENG2122', 'Theory', 'Present', '2025-02-02'),
(1590, 'S010', 'ENG2122', 'Theory', 'Present', '2025-02-02'),
(1591, 'S011', 'ENG2122', 'Theory', 'Present', '2025-02-02'),
(1592, 'S012', 'ENG2122', 'Theory', 'Present', '2025-02-02'),
(1593, 'S013', 'ENG2122', 'Theory', 'Present', '2025-02-02'),
(1594, 'S014', 'ENG2122', 'Theory', 'Absent', '2025-02-02'),
(1595, 'S015', 'ENG2122', 'Theory', 'Present', '2025-02-02'),
(1596, 'S016', 'ENG2122', 'Theory', 'Present', '2025-02-02'),
(1597, 'S017', 'ENG2122', 'Theory', 'Present', '2025-02-02'),
(1598, 'S018', 'ENG2122', 'Theory', 'Present', '2025-02-02'),
(1599, 'S019', 'ENG2122', 'Theory', 'Present', '2025-02-02'),
(1600, 'S020', 'ENG2122', 'Theory', 'Present', '2025-02-02'),
(1601, 'S001', 'ENG2122', 'Theory', 'Absent', '2025-02-09'),
(1602, 'S002', 'ENG2122', 'Theory', 'Present', '2025-02-09'),
(1603, 'S003', 'ENG2122', 'Theory', 'Present', '2025-02-09'),
(1604, 'S004', 'ENG2122', 'Theory', 'Absent', '2025-02-09'),
(1605, 'S005', 'ENG2122', 'Theory', 'Present', '2025-02-09'),
(1606, 'S006', 'ENG2122', 'Theory', 'Present', '2025-02-09'),
(1607, 'S007', 'ENG2122', 'Theory', 'Present', '2025-02-09'),
(1608, 'S008', 'ENG2122', 'Theory', 'Absent', '2025-02-09'),
(1609, 'S009', 'ENG2122', 'Theory', 'Present', '2025-02-09'),
(1610, 'S010', 'ENG2122', 'Theory', 'Present', '2025-02-09'),
(1611, 'S011', 'ENG2122', 'Theory', 'Present', '2025-02-09'),
(1612, 'S012', 'ENG2122', 'Theory', 'Absent', '2025-02-09'),
(1613, 'S013', 'ENG2122', 'Theory', 'Present', '2025-02-09'),
(1614, 'S014', 'ENG2122', 'Theory', 'Present', '2025-02-09'),
(1615, 'S015', 'ENG2122', 'Theory', 'Present', '2025-02-09'),
(1616, 'S016', 'ENG2122', 'Theory', 'Present', '2025-02-09'),
(1617, 'S017', 'ENG2122', 'Theory', 'Present', '2025-02-09'),
(1618, 'S018', 'ENG2122', 'Theory', 'Absent', '2025-02-09'),
(1619, 'S019', 'ENG2122', 'Theory', 'Absent', '2025-02-09'),
(1620, 'S020', 'ENG2122', 'Theory', 'Present', '2025-02-09'),
(1621, 'S001', 'ENG2122', 'Theory', 'Present', '2025-02-16'),
(1622, 'S002', 'ENG2122', 'Theory', 'Absent', '2025-02-16'),
(1623, 'S003', 'ENG2122', 'Theory', 'Absent', '2025-02-16'),
(1624, 'S004', 'ENG2122', 'Theory', 'Absent', '2025-02-16'),
(1625, 'S005', 'ENG2122', 'Theory', 'Present', '2025-02-16'),
(1626, 'S006', 'ENG2122', 'Theory', 'Present', '2025-02-16'),
(1627, 'S007', 'ENG2122', 'Theory', 'Absent', '2025-02-16'),
(1628, 'S008', 'ENG2122', 'Theory', 'Present', '2025-02-16'),
(1629, 'S009', 'ENG2122', 'Theory', 'Present', '2025-02-16'),
(1630, 'S010', 'ENG2122', 'Theory', 'Present', '2025-02-16'),
(1631, 'S011', 'ENG2122', 'Theory', 'Present', '2025-02-16'),
(1632, 'S012', 'ENG2122', 'Theory', 'Present', '2025-02-16'),
(1633, 'S013', 'ENG2122', 'Theory', 'Present', '2025-02-16'),
(1634, 'S014', 'ENG2122', 'Theory', 'Present', '2025-02-16'),
(1635, 'S015', 'ENG2122', 'Theory', 'Present', '2025-02-16'),
(1636, 'S016', 'ENG2122', 'Theory', 'Present', '2025-02-16'),
(1637, 'S017', 'ENG2122', 'Theory', 'Present', '2025-02-16'),
(1638, 'S018', 'ENG2122', 'Theory', 'Present', '2025-02-16'),
(1639, 'S019', 'ENG2122', 'Theory', 'Absent', '2025-02-16'),
(1640, 'S020', 'ENG2122', 'Theory', 'Present', '2025-02-16'),
(1641, 'S001', 'ENG2122', 'Theory', 'Present', '2025-02-23'),
(1642, 'S002', 'ENG2122', 'Theory', 'Present', '2025-02-23'),
(1643, 'S003', 'ENG2122', 'Theory', 'Present', '2025-02-23'),
(1644, 'S004', 'ENG2122', 'Theory', 'Present', '2025-02-23'),
(1645, 'S005', 'ENG2122', 'Theory', 'Present', '2025-02-23'),
(1646, 'S006', 'ENG2122', 'Theory', 'Present', '2025-02-23'),
(1647, 'S007', 'ENG2122', 'Theory', 'Present', '2025-02-23'),
(1648, 'S008', 'ENG2122', 'Theory', 'Present', '2025-02-23'),
(1649, 'S009', 'ENG2122', 'Theory', 'Present', '2025-02-23'),
(1650, 'S010', 'ENG2122', 'Theory', 'Present', '2025-02-23'),
(1651, 'S011', 'ENG2122', 'Theory', 'Present', '2025-02-23'),
(1652, 'S012', 'ENG2122', 'Theory', 'Present', '2025-02-23'),
(1653, 'S013', 'ENG2122', 'Theory', 'Present', '2025-02-23'),
(1654, 'S014', 'ENG2122', 'Theory', 'Present', '2025-02-23'),
(1655, 'S015', 'ENG2122', 'Theory', 'Present', '2025-02-23'),
(1656, 'S016', 'ENG2122', 'Theory', 'Present', '2025-02-23'),
(1657, 'S017', 'ENG2122', 'Theory', 'Present', '2025-02-23'),
(1658, 'S018', 'ENG2122', 'Theory', 'Present', '2025-02-23'),
(1659, 'S019', 'ENG2122', 'Theory', 'Absent', '2025-02-23'),
(1660, 'S020', 'ENG2122', 'Theory', 'Absent', '2025-02-23'),
(1661, 'S001', 'ENG2122', 'Theory', 'Present', '2025-03-02'),
(1662, 'S002', 'ENG2122', 'Theory', 'Present', '2025-03-02'),
(1663, 'S003', 'ENG2122', 'Theory', 'Present', '2025-03-02'),
(1664, 'S004', 'ENG2122', 'Theory', 'Present', '2025-03-02'),
(1665, 'S005', 'ENG2122', 'Theory', 'Present', '2025-03-02'),
(1666, 'S006', 'ENG2122', 'Theory', 'Present', '2025-03-02'),
(1667, 'S007', 'ENG2122', 'Theory', 'Present', '2025-03-02'),
(1668, 'S008', 'ENG2122', 'Theory', 'Present', '2025-03-02'),
(1669, 'S009', 'ENG2122', 'Theory', 'Present', '2025-03-02'),
(1670, 'S010', 'ENG2122', 'Theory', 'Present', '2025-03-02'),
(1671, 'S011', 'ENG2122', 'Theory', 'Absent', '2025-03-02'),
(1672, 'S012', 'ENG2122', 'Theory', 'Absent', '2025-03-02'),
(1673, 'S013', 'ENG2122', 'Theory', 'Present', '2025-03-02'),
(1674, 'S014', 'ENG2122', 'Theory', 'Present', '2025-03-02'),
(1675, 'S015', 'ENG2122', 'Theory', 'Absent', '2025-03-02'),
(1676, 'S016', 'ENG2122', 'Theory', 'Present', '2025-03-02'),
(1677, 'S017', 'ENG2122', 'Theory', 'Absent', '2025-03-02'),
(1678, 'S018', 'ENG2122', 'Theory', 'Present', '2025-03-02'),
(1679, 'S019', 'ENG2122', 'Theory', 'Present', '2025-03-02'),
(1680, 'S020', 'ENG2122', 'Theory', 'Absent', '2025-03-02'),
(1681, 'S001', 'ENG2122', 'Theory', 'Present', '2025-03-09'),
(1682, 'S002', 'ENG2122', 'Theory', 'Present', '2025-03-09'),
(1683, 'S003', 'ENG2122', 'Theory', 'Present', '2025-03-09'),
(1684, 'S004', 'ENG2122', 'Theory', 'Present', '2025-03-09'),
(1685, 'S005', 'ENG2122', 'Theory', 'Absent', '2025-03-09'),
(1686, 'S006', 'ENG2122', 'Theory', 'Present', '2025-03-09'),
(1687, 'S007', 'ENG2122', 'Theory', 'Present', '2025-03-09'),
(1688, 'S008', 'ENG2122', 'Theory', 'Absent', '2025-03-09'),
(1689, 'S009', 'ENG2122', 'Theory', 'Present', '2025-03-09'),
(1690, 'S010', 'ENG2122', 'Theory', 'Present', '2025-03-09'),
(1691, 'S011', 'ENG2122', 'Theory', 'Present', '2025-03-09'),
(1692, 'S012', 'ENG2122', 'Theory', 'Absent', '2025-03-09'),
(1693, 'S013', 'ENG2122', 'Theory', 'Present', '2025-03-09'),
(1694, 'S014', 'ENG2122', 'Theory', 'Present', '2025-03-09'),
(1695, 'S015', 'ENG2122', 'Theory', 'Present', '2025-03-09'),
(1696, 'S016', 'ENG2122', 'Theory', 'Present', '2025-03-09'),
(1697, 'S017', 'ENG2122', 'Theory', 'Present', '2025-03-09'),
(1698, 'S018', 'ENG2122', 'Theory', 'Absent', '2025-03-09'),
(1699, 'S019', 'ENG2122', 'Theory', 'Absent', '2025-03-09'),
(1700, 'S020', 'ENG2122', 'Theory', 'Present', '2025-03-09'),
(1701, 'S001', 'ENG2122', 'Theory', 'Present', '2025-03-16'),
(1702, 'S002', 'ENG2122', 'Theory', 'Present', '2025-03-16'),
(1703, 'S003', 'ENG2122', 'Theory', 'Present', '2025-03-16'),
(1704, 'S004', 'ENG2122', 'Theory', 'Present', '2025-03-16'),
(1705, 'S005', 'ENG2122', 'Theory', 'Present', '2025-03-16'),
(1706, 'S006', 'ENG2122', 'Theory', 'Present', '2025-03-16'),
(1707, 'S007', 'ENG2122', 'Theory', 'Present', '2025-03-16'),
(1708, 'S008', 'ENG2122', 'Theory', 'Present', '2025-03-16'),
(1709, 'S009', 'ENG2122', 'Theory', 'Present', '2025-03-16'),
(1710, 'S010', 'ENG2122', 'Theory', 'Present', '2025-03-16'),
(1711, 'S011', 'ENG2122', 'Theory', 'Present', '2025-03-16'),
(1712, 'S012', 'ENG2122', 'Theory', 'Present', '2025-03-16'),
(1713, 'S013', 'ENG2122', 'Theory', 'Present', '2025-03-16'),
(1714, 'S014', 'ENG2122', 'Theory', 'Present', '2025-03-16'),
(1715, 'S015', 'ENG2122', 'Theory', 'Absent', '2025-03-16'),
(1716, 'S016', 'ENG2122', 'Theory', 'Present', '2025-03-16'),
(1717, 'S017', 'ENG2122', 'Theory', 'Present', '2025-03-16'),
(1718, 'S018', 'ENG2122', 'Theory', 'Present', '2025-03-16'),
(1719, 'S019', 'ENG2122', 'Theory', 'Present', '2025-03-16'),
(1720, 'S020', 'ENG2122', 'Theory', 'Present', '2025-03-16'),
(1721, 'S001', 'ENG2122', 'Theory', 'Present', '2025-03-23'),
(1722, 'S002', 'ENG2122', 'Theory', 'Absent', '2025-03-23'),
(1723, 'S003', 'ENG2122', 'Theory', 'Absent', '2025-03-23'),
(1724, 'S004', 'ENG2122', 'Theory', 'Present', '2025-03-23'),
(1725, 'S005', 'ENG2122', 'Theory', 'Present', '2025-03-23'),
(1726, 'S006', 'ENG2122', 'Theory', 'Present', '2025-03-23'),
(1727, 'S007', 'ENG2122', 'Theory', 'Absent', '2025-03-23'),
(1728, 'S008', 'ENG2122', 'Theory', 'Present', '2025-03-23'),
(1729, 'S009', 'ENG2122', 'Theory', 'Absent', '2025-03-23'),
(1730, 'S010', 'ENG2122', 'Theory', 'Present', '2025-03-23'),
(1731, 'S011', 'ENG2122', 'Theory', 'Present', '2025-03-23'),
(1732, 'S012', 'ENG2122', 'Theory', 'Present', '2025-03-23'),
(1733, 'S013', 'ENG2122', 'Theory', 'Present', '2025-03-23'),
(1734, 'S014', 'ENG2122', 'Theory', 'Present', '2025-03-23'),
(1735, 'S015', 'ENG2122', 'Theory', 'Present', '2025-03-23'),
(1736, 'S016', 'ENG2122', 'Theory', 'Present', '2025-03-23'),
(1737, 'S017', 'ENG2122', 'Theory', 'Absent', '2025-03-23'),
(1738, 'S018', 'ENG2122', 'Theory', 'Absent', '2025-03-23'),
(1739, 'S019', 'ENG2122', 'Theory', 'Present', '2025-03-23'),
(1740, 'S020', 'ENG2122', 'Theory', 'Present', '2025-03-23'),
(1741, 'S001', 'ENG2122', 'Theory', 'Present', '2025-03-30'),
(1742, 'S002', 'ENG2122', 'Theory', 'Present', '2025-03-30'),
(1743, 'S003', 'ENG2122', 'Theory', 'Present', '2025-03-30'),
(1744, 'S004', 'ENG2122', 'Theory', 'Present', '2025-03-30'),
(1745, 'S005', 'ENG2122', 'Theory', 'Present', '2025-03-30'),
(1746, 'S006', 'ENG2122', 'Theory', 'Present', '2025-03-30'),
(1747, 'S007', 'ENG2122', 'Theory', 'Present', '2025-03-30'),
(1748, 'S008', 'ENG2122', 'Theory', 'Present', '2025-03-30'),
(1749, 'S009', 'ENG2122', 'Theory', 'Absent', '2025-03-30'),
(1750, 'S010', 'ENG2122', 'Theory', 'Present', '2025-03-30'),
(1751, 'S011', 'ENG2122', 'Theory', 'Present', '2025-03-30'),
(1752, 'S012', 'ENG2122', 'Theory', 'Present', '2025-03-30'),
(1753, 'S013', 'ENG2122', 'Theory', 'Present', '2025-03-30'),
(1754, 'S014', 'ENG2122', 'Theory', 'Present', '2025-03-30'),
(1755, 'S015', 'ENG2122', 'Theory', 'Present', '2025-03-30'),
(1756, 'S016', 'ENG2122', 'Theory', 'Present', '2025-03-30'),
(1757, 'S017', 'ENG2122', 'Theory', 'Absent', '2025-03-30'),
(1758, 'S018', 'ENG2122', 'Theory', 'Present', '2025-03-30'),
(1759, 'S019', 'ENG2122', 'Theory', 'Absent', '2025-03-30'),
(1760, 'S020', 'ENG2122', 'Theory', 'Absent', '2025-03-30'),
(1761, 'S001', 'ENG2122', 'Theory', 'Absent', '2025-04-06'),
(1762, 'S002', 'ENG2122', 'Theory', 'Present', '2025-04-06'),
(1763, 'S003', 'ENG2122', 'Theory', 'Present', '2025-04-06'),
(1764, 'S004', 'ENG2122', 'Theory', 'Present', '2025-04-06'),
(1765, 'S005', 'ENG2122', 'Theory', 'Present', '2025-04-06'),
(1766, 'S006', 'ENG2122', 'Theory', 'Present', '2025-04-06'),
(1767, 'S007', 'ENG2122', 'Theory', 'Present', '2025-04-06'),
(1768, 'S008', 'ENG2122', 'Theory', 'Present', '2025-04-06'),
(1769, 'S009', 'ENG2122', 'Theory', 'Present', '2025-04-06'),
(1770, 'S010', 'ENG2122', 'Theory', 'Absent', '2025-04-06'),
(1771, 'S011', 'ENG2122', 'Theory', 'Present', '2025-04-06'),
(1772, 'S012', 'ENG2122', 'Theory', 'Present', '2025-04-06'),
(1773, 'S013', 'ENG2122', 'Theory', 'Present', '2025-04-06'),
(1774, 'S014', 'ENG2122', 'Theory', 'Absent', '2025-04-06'),
(1775, 'S015', 'ENG2122', 'Theory', 'Absent', '2025-04-06'),
(1776, 'S016', 'ENG2122', 'Theory', 'Absent', '2025-04-06'),
(1777, 'S017', 'ENG2122', 'Theory', 'Present', '2025-04-06'),
(1778, 'S018', 'ENG2122', 'Theory', 'Absent', '2025-04-06'),
(1779, 'S019', 'ENG2122', 'Theory', 'Absent', '2025-04-06'),
(1780, 'S020', 'ENG2122', 'Theory', 'Present', '2025-04-06'),
(1781, 'S001', 'ENG2122', 'Theory', 'Present', '2025-04-13'),
(1782, 'S002', 'ENG2122', 'Theory', 'Present', '2025-04-13'),
(1783, 'S003', 'ENG2122', 'Theory', 'Present', '2025-04-13'),
(1784, 'S004', 'ENG2122', 'Theory', 'Present', '2025-04-13'),
(1785, 'S005', 'ENG2122', 'Theory', 'Absent', '2025-04-13'),
(1786, 'S006', 'ENG2122', 'Theory', 'Present', '2025-04-13'),
(1787, 'S007', 'ENG2122', 'Theory', 'Present', '2025-04-13'),
(1788, 'S008', 'ENG2122', 'Theory', 'Present', '2025-04-13'),
(1789, 'S009', 'ENG2122', 'Theory', 'Present', '2025-04-13'),
(1790, 'S010', 'ENG2122', 'Theory', 'Present', '2025-04-13'),
(1791, 'S011', 'ENG2122', 'Theory', 'Present', '2025-04-13'),
(1792, 'S012', 'ENG2122', 'Theory', 'Present', '2025-04-13'),
(1793, 'S013', 'ENG2122', 'Theory', 'Present', '2025-04-13'),
(1794, 'S014', 'ENG2122', 'Theory', 'Present', '2025-04-13'),
(1795, 'S015', 'ENG2122', 'Theory', 'Absent', '2025-04-13'),
(1796, 'S016', 'ENG2122', 'Theory', 'Absent', '2025-04-13'),
(1797, 'S017', 'ENG2122', 'Theory', 'Present', '2025-04-13'),
(1798, 'S018', 'ENG2122', 'Theory', 'Present', '2025-04-13'),
(1799, 'S019', 'ENG2122', 'Theory', 'Absent', '2025-04-13'),
(1800, 'S020', 'ENG2122', 'Theory', 'Absent', '2025-04-13'),
(1801, 'S001', 'ICT2113', 'Practical', 'Present', '2025-01-01'),
(1802, 'S002', 'ICT2113', 'Practical', 'Present', '2025-01-01'),
(1803, 'S003', 'ICT2113', 'Practical', 'Present', '2025-01-01'),
(1804, 'S004', 'ICT2113', 'Practical', 'Present', '2025-01-01'),
(1805, 'S005', 'ICT2113', 'Practical', 'Present', '2025-01-01'),
(1806, 'S006', 'ICT2113', 'Practical', 'Present', '2025-01-01'),
(1807, 'S007', 'ICT2113', 'Practical', 'Present', '2025-01-01'),
(1808, 'S008', 'ICT2113', 'Practical', 'Present', '2025-01-01'),
(1809, 'S009', 'ICT2113', 'Practical', 'Present', '2025-01-01'),
(1810, 'S010', 'ICT2113', 'Practical', 'Present', '2025-01-01'),
(1811, 'S011', 'ICT2113', 'Practical', 'Present', '2025-01-01'),
(1812, 'S012', 'ICT2113', 'Practical', 'Absent', '2025-01-01'),
(1813, 'S013', 'ICT2113', 'Practical', 'Absent', '2025-01-01'),
(1814, 'S014', 'ICT2113', 'Practical', 'Present', '2025-01-01'),
(1815, 'S015', 'ICT2113', 'Practical', 'Present', '2025-01-01'),
(1816, 'S016', 'ICT2113', 'Practical', 'Present', '2025-01-01'),
(1817, 'S017', 'ICT2113', 'Practical', 'Absent', '2025-01-01'),
(1818, 'S018', 'ICT2113', 'Practical', 'Present', '2025-01-01'),
(1819, 'S019', 'ICT2113', 'Practical', 'Present', '2025-01-01'),
(1820, 'S020', 'ICT2113', 'Practical', 'Absent', '2025-01-01'),
(1821, 'S001', 'ICT2113', 'Practical', 'Present', '2025-01-08'),
(1822, 'S002', 'ICT2113', 'Practical', 'Present', '2025-01-08'),
(1823, 'S003', 'ICT2113', 'Practical', 'Present', '2025-01-08'),
(1824, 'S004', 'ICT2113', 'Practical', 'Present', '2025-01-08'),
(1825, 'S005', 'ICT2113', 'Practical', 'Absent', '2025-01-08'),
(1826, 'S006', 'ICT2113', 'Practical', 'Present', '2025-01-08'),
(1827, 'S007', 'ICT2113', 'Practical', 'Present', '2025-01-08'),
(1828, 'S008', 'ICT2113', 'Practical', 'Present', '2025-01-08'),
(1829, 'S009', 'ICT2113', 'Practical', 'Present', '2025-01-08'),
(1830, 'S010', 'ICT2113', 'Practical', 'Present', '2025-01-08'),
(1831, 'S011', 'ICT2113', 'Practical', 'Absent', '2025-01-08'),
(1832, 'S012', 'ICT2113', 'Practical', 'Present', '2025-01-08'),
(1833, 'S013', 'ICT2113', 'Practical', 'Present', '2025-01-08'),
(1834, 'S014', 'ICT2113', 'Practical', 'Present', '2025-01-08'),
(1835, 'S015', 'ICT2113', 'Practical', 'Present', '2025-01-08'),
(1836, 'S016', 'ICT2113', 'Practical', 'Present', '2025-01-08'),
(1837, 'S017', 'ICT2113', 'Practical', 'Present', '2025-01-08'),
(1838, 'S018', 'ICT2113', 'Practical', 'Absent', '2025-01-08'),
(1839, 'S019', 'ICT2113', 'Practical', 'Present', '2025-01-08'),
(1840, 'S020', 'ICT2113', 'Practical', 'Absent', '2025-01-08'),
(1841, 'S001', 'ICT2113', 'Practical', 'Present', '2025-01-15'),
(1842, 'S002', 'ICT2113', 'Practical', 'Absent', '2025-01-15'),
(1843, 'S003', 'ICT2113', 'Practical', 'Present', '2025-01-15'),
(1844, 'S004', 'ICT2113', 'Practical', 'Present', '2025-01-15'),
(1845, 'S005', 'ICT2113', 'Practical', 'Present', '2025-01-15'),
(1846, 'S006', 'ICT2113', 'Practical', 'Present', '2025-01-15'),
(1847, 'S007', 'ICT2113', 'Practical', 'Present', '2025-01-15'),
(1848, 'S008', 'ICT2113', 'Practical', 'Absent', '2025-01-15'),
(1849, 'S009', 'ICT2113', 'Practical', 'Present', '2025-01-15'),
(1850, 'S010', 'ICT2113', 'Practical', 'Absent', '2025-01-15'),
(1851, 'S011', 'ICT2113', 'Practical', 'Present', '2025-01-15'),
(1852, 'S012', 'ICT2113', 'Practical', 'Present', '2025-01-15'),
(1853, 'S013', 'ICT2113', 'Practical', 'Absent', '2025-01-15'),
(1854, 'S014', 'ICT2113', 'Practical', 'Present', '2025-01-15'),
(1855, 'S015', 'ICT2113', 'Practical', 'Absent', '2025-01-15'),
(1856, 'S016', 'ICT2113', 'Practical', 'Absent', '2025-01-15'),
(1857, 'S017', 'ICT2113', 'Practical', 'Present', '2025-01-15'),
(1858, 'S018', 'ICT2113', 'Practical', 'Absent', '2025-01-15'),
(1859, 'S019', 'ICT2113', 'Practical', 'Present', '2025-01-15'),
(1860, 'S020', 'ICT2113', 'Practical', 'Present', '2025-01-15'),
(1861, 'S001', 'ICT2113', 'Practical', 'Present', '2025-01-22'),
(1862, 'S002', 'ICT2113', 'Practical', 'Present', '2025-01-22'),
(1863, 'S003', 'ICT2113', 'Practical', 'Present', '2025-01-22'),
(1864, 'S004', 'ICT2113', 'Practical', 'Present', '2025-01-22'),
(1865, 'S005', 'ICT2113', 'Practical', 'Present', '2025-01-22'),
(1866, 'S006', 'ICT2113', 'Practical', 'Present', '2025-01-22'),
(1867, 'S007', 'ICT2113', 'Practical', 'Present', '2025-01-22'),
(1868, 'S008', 'ICT2113', 'Practical', 'Present', '2025-01-22'),
(1869, 'S009', 'ICT2113', 'Practical', 'Present', '2025-01-22'),
(1870, 'S010', 'ICT2113', 'Practical', 'Present', '2025-01-22'),
(1871, 'S011', 'ICT2113', 'Practical', 'Present', '2025-01-22'),
(1872, 'S012', 'ICT2113', 'Practical', 'Absent', '2025-01-22'),
(1873, 'S013', 'ICT2113', 'Practical', 'Present', '2025-01-22'),
(1874, 'S014', 'ICT2113', 'Practical', 'Present', '2025-01-22'),
(1875, 'S015', 'ICT2113', 'Practical', 'Present', '2025-01-22'),
(1876, 'S016', 'ICT2113', 'Practical', 'Present', '2025-01-22'),
(1877, 'S017', 'ICT2113', 'Practical', 'Absent', '2025-01-22'),
(1878, 'S018', 'ICT2113', 'Practical', 'Present', '2025-01-22'),
(1879, 'S019', 'ICT2113', 'Practical', 'Present', '2025-01-22'),
(1880, 'S020', 'ICT2113', 'Practical', 'Present', '2025-01-22'),
(1881, 'S001', 'ICT2113', 'Practical', 'Present', '2025-01-29'),
(1882, 'S002', 'ICT2113', 'Practical', 'Present', '2025-01-29'),
(1883, 'S003', 'ICT2113', 'Practical', 'Present', '2025-01-29'),
(1884, 'S004', 'ICT2113', 'Practical', 'Present', '2025-01-29'),
(1885, 'S005', 'ICT2113', 'Practical', 'Present', '2025-01-29'),
(1886, 'S006', 'ICT2113', 'Practical', 'Absent', '2025-01-29'),
(1887, 'S007', 'ICT2113', 'Practical', 'Present', '2025-01-29'),
(1888, 'S008', 'ICT2113', 'Practical', 'Present', '2025-01-29'),
(1889, 'S009', 'ICT2113', 'Practical', 'Present', '2025-01-29'),
(1890, 'S010', 'ICT2113', 'Practical', 'Present', '2025-01-29'),
(1891, 'S011', 'ICT2113', 'Practical', 'Present', '2025-01-29'),
(1892, 'S012', 'ICT2113', 'Practical', 'Present', '2025-01-29'),
(1893, 'S013', 'ICT2113', 'Practical', 'Present', '2025-01-29'),
(1894, 'S014', 'ICT2113', 'Practical', 'Absent', '2025-01-29'),
(1895, 'S015', 'ICT2113', 'Practical', 'Present', '2025-01-29'),
(1896, 'S016', 'ICT2113', 'Practical', 'Present', '2025-01-29'),
(1897, 'S017', 'ICT2113', 'Practical', 'Present', '2025-01-29'),
(1898, 'S018', 'ICT2113', 'Practical', 'Absent', '2025-01-29'),
(1899, 'S019', 'ICT2113', 'Practical', 'Absent', '2025-01-29'),
(1900, 'S020', 'ICT2113', 'Practical', 'Present', '2025-01-29'),
(1901, 'S001', 'ICT2113', 'Practical', 'Present', '2025-02-05'),
(1902, 'S002', 'ICT2113', 'Practical', 'Present', '2025-02-05'),
(1903, 'S003', 'ICT2113', 'Practical', 'Present', '2025-02-05'),
(1904, 'S004', 'ICT2113', 'Practical', 'Absent', '2025-02-05'),
(1905, 'S005', 'ICT2113', 'Practical', 'Present', '2025-02-05'),
(1906, 'S006', 'ICT2113', 'Practical', 'Present', '2025-02-05'),
(1907, 'S007', 'ICT2113', 'Practical', 'Present', '2025-02-05'),
(1908, 'S008', 'ICT2113', 'Practical', 'Present', '2025-02-05'),
(1909, 'S009', 'ICT2113', 'Practical', 'Present', '2025-02-05'),
(1910, 'S010', 'ICT2113', 'Practical', 'Present', '2025-02-05'),
(1911, 'S011', 'ICT2113', 'Practical', 'Absent', '2025-02-05'),
(1912, 'S012', 'ICT2113', 'Practical', 'Absent', '2025-02-05'),
(1913, 'S013', 'ICT2113', 'Practical', 'Absent', '2025-02-05'),
(1914, 'S014', 'ICT2113', 'Practical', 'Present', '2025-02-05'),
(1915, 'S015', 'ICT2113', 'Practical', 'Present', '2025-02-05'),
(1916, 'S016', 'ICT2113', 'Practical', 'Present', '2025-02-05'),
(1917, 'S017', 'ICT2113', 'Practical', 'Present', '2025-02-05'),
(1918, 'S018', 'ICT2113', 'Practical', 'Absent', '2025-02-05'),
(1919, 'S019', 'ICT2113', 'Practical', 'Present', '2025-02-05'),
(1920, 'S020', 'ICT2113', 'Practical', 'Absent', '2025-02-05'),
(1921, 'S001', 'ICT2113', 'Practical', 'Absent', '2025-02-12'),
(1922, 'S002', 'ICT2113', 'Practical', 'Present', '2025-02-12'),
(1923, 'S003', 'ICT2113', 'Practical', 'Absent', '2025-02-12'),
(1924, 'S004', 'ICT2113', 'Practical', 'Present', '2025-02-12'),
(1925, 'S005', 'ICT2113', 'Practical', 'Present', '2025-02-12'),
(1926, 'S006', 'ICT2113', 'Practical', 'Present', '2025-02-12'),
(1927, 'S007', 'ICT2113', 'Practical', 'Present', '2025-02-12'),
(1928, 'S008', 'ICT2113', 'Practical', 'Present', '2025-02-12'),
(1929, 'S009', 'ICT2113', 'Practical', 'Present', '2025-02-12'),
(1930, 'S010', 'ICT2113', 'Practical', 'Present', '2025-02-12'),
(1931, 'S011', 'ICT2113', 'Practical', 'Present', '2025-02-12'),
(1932, 'S012', 'ICT2113', 'Practical', 'Present', '2025-02-12'),
(1933, 'S013', 'ICT2113', 'Practical', 'Present', '2025-02-12'),
(1934, 'S014', 'ICT2113', 'Practical', 'Absent', '2025-02-12'),
(1935, 'S015', 'ICT2113', 'Practical', 'Absent', '2025-02-12'),
(1936, 'S016', 'ICT2113', 'Practical', 'Present', '2025-02-12'),
(1937, 'S017', 'ICT2113', 'Practical', 'Present', '2025-02-12'),
(1938, 'S018', 'ICT2113', 'Practical', 'Present', '2025-02-12'),
(1939, 'S019', 'ICT2113', 'Practical', 'Present', '2025-02-12'),
(1940, 'S020', 'ICT2113', 'Practical', 'Present', '2025-02-12'),
(1941, 'S001', 'ICT2113', 'Practical', 'Present', '2025-02-19'),
(1942, 'S002', 'ICT2113', 'Practical', 'Present', '2025-02-19'),
(1943, 'S003', 'ICT2113', 'Practical', 'Absent', '2025-02-19'),
(1944, 'S004', 'ICT2113', 'Practical', 'Present', '2025-02-19'),
(1945, 'S005', 'ICT2113', 'Practical', 'Present', '2025-02-19'),
(1946, 'S006', 'ICT2113', 'Practical', 'Present', '2025-02-19'),
(1947, 'S007', 'ICT2113', 'Practical', 'Present', '2025-02-19'),
(1948, 'S008', 'ICT2113', 'Practical', 'Present', '2025-02-19'),
(1949, 'S009', 'ICT2113', 'Practical', 'Absent', '2025-02-19'),
(1950, 'S010', 'ICT2113', 'Practical', 'Absent', '2025-02-19'),
(1951, 'S011', 'ICT2113', 'Practical', 'Absent', '2025-02-19'),
(1952, 'S012', 'ICT2113', 'Practical', 'Present', '2025-02-19'),
(1953, 'S013', 'ICT2113', 'Practical', 'Present', '2025-02-19'),
(1954, 'S014', 'ICT2113', 'Practical', 'Present', '2025-02-19'),
(1955, 'S015', 'ICT2113', 'Practical', 'Present', '2025-02-19'),
(1956, 'S016', 'ICT2113', 'Practical', 'Present', '2025-02-19'),
(1957, 'S017', 'ICT2113', 'Practical', 'Present', '2025-02-19'),
(1958, 'S018', 'ICT2113', 'Practical', 'Present', '2025-02-19'),
(1959, 'S019', 'ICT2113', 'Practical', 'Present', '2025-02-19'),
(1960, 'S020', 'ICT2113', 'Practical', 'Present', '2025-02-19'),
(1961, 'S001', 'ICT2113', 'Practical', 'Present', '2025-02-26'),
(1962, 'S002', 'ICT2113', 'Practical', 'Absent', '2025-02-26'),
(1963, 'S003', 'ICT2113', 'Practical', 'Present', '2025-02-26'),
(1964, 'S004', 'ICT2113', 'Practical', 'Present', '2025-02-26'),
(1965, 'S005', 'ICT2113', 'Practical', 'Present', '2025-02-26'),
(1966, 'S006', 'ICT2113', 'Practical', 'Absent', '2025-02-26'),
(1967, 'S007', 'ICT2113', 'Practical', 'Present', '2025-02-26'),
(1968, 'S008', 'ICT2113', 'Practical', 'Present', '2025-02-26'),
(1969, 'S009', 'ICT2113', 'Practical', 'Present', '2025-02-26'),
(1970, 'S010', 'ICT2113', 'Practical', 'Present', '2025-02-26'),
(1971, 'S011', 'ICT2113', 'Practical', 'Present', '2025-02-26'),
(1972, 'S012', 'ICT2113', 'Practical', 'Present', '2025-02-26'),
(1973, 'S013', 'ICT2113', 'Practical', 'Present', '2025-02-26'),
(1974, 'S014', 'ICT2113', 'Practical', 'Present', '2025-02-26'),
(1975, 'S015', 'ICT2113', 'Practical', 'Present', '2025-02-26'),
(1976, 'S016', 'ICT2113', 'Practical', 'Present', '2025-02-26'),
(1977, 'S017', 'ICT2113', 'Practical', 'Present', '2025-02-26'),
(1978, 'S018', 'ICT2113', 'Practical', 'Present', '2025-02-26'),
(1979, 'S019', 'ICT2113', 'Practical', 'Present', '2025-02-26'),
(1980, 'S020', 'ICT2113', 'Practical', 'Present', '2025-02-26'),
(1981, 'S001', 'ICT2113', 'Practical', 'Present', '2025-03-05'),
(1982, 'S002', 'ICT2113', 'Practical', 'Present', '2025-03-05'),
(1983, 'S003', 'ICT2113', 'Practical', 'Present', '2025-03-05'),
(1984, 'S004', 'ICT2113', 'Practical', 'Present', '2025-03-05'),
(1985, 'S005', 'ICT2113', 'Practical', 'Present', '2025-03-05'),
(1986, 'S006', 'ICT2113', 'Practical', 'Present', '2025-03-05'),
(1987, 'S007', 'ICT2113', 'Practical', 'Present', '2025-03-05'),
(1988, 'S008', 'ICT2113', 'Practical', 'Present', '2025-03-05'),
(1989, 'S009', 'ICT2113', 'Practical', 'Present', '2025-03-05'),
(1990, 'S010', 'ICT2113', 'Practical', 'Present', '2025-03-05'),
(1991, 'S011', 'ICT2113', 'Practical', 'Present', '2025-03-05'),
(1992, 'S012', 'ICT2113', 'Practical', 'Present', '2025-03-05'),
(1993, 'S013', 'ICT2113', 'Practical', 'Present', '2025-03-05'),
(1994, 'S014', 'ICT2113', 'Practical', 'Present', '2025-03-05'),
(1995, 'S015', 'ICT2113', 'Practical', 'Present', '2025-03-05'),
(1996, 'S016', 'ICT2113', 'Practical', 'Present', '2025-03-05'),
(1997, 'S017', 'ICT2113', 'Practical', 'Absent', '2025-03-05'),
(1998, 'S018', 'ICT2113', 'Practical', 'Present', '2025-03-05'),
(1999, 'S019', 'ICT2113', 'Practical', 'Present', '2025-03-05'),
(2000, 'S020', 'ICT2113', 'Practical', 'Present', '2025-03-05'),
(2001, 'S001', 'ICT2113', 'Practical', 'Absent', '2025-03-12'),
(2002, 'S002', 'ICT2113', 'Practical', 'Present', '2025-03-12'),
(2003, 'S003', 'ICT2113', 'Practical', 'Present', '2025-03-12'),
(2004, 'S004', 'ICT2113', 'Practical', 'Present', '2025-03-12'),
(2005, 'S005', 'ICT2113', 'Practical', 'Absent', '2025-03-12'),
(2006, 'S006', 'ICT2113', 'Practical', 'Present', '2025-03-12'),
(2007, 'S007', 'ICT2113', 'Practical', 'Present', '2025-03-12'),
(2008, 'S008', 'ICT2113', 'Practical', 'Present', '2025-03-12'),
(2009, 'S009', 'ICT2113', 'Practical', 'Present', '2025-03-12'),
(2010, 'S010', 'ICT2113', 'Practical', 'Absent', '2025-03-12'),
(2011, 'S011', 'ICT2113', 'Practical', 'Present', '2025-03-12'),
(2012, 'S012', 'ICT2113', 'Practical', 'Present', '2025-03-12'),
(2013, 'S013', 'ICT2113', 'Practical', 'Present', '2025-03-12'),
(2014, 'S014', 'ICT2113', 'Practical', 'Present', '2025-03-12'),
(2015, 'S015', 'ICT2113', 'Practical', 'Present', '2025-03-12'),
(2016, 'S016', 'ICT2113', 'Practical', 'Present', '2025-03-12'),
(2017, 'S017', 'ICT2113', 'Practical', 'Present', '2025-03-12'),
(2018, 'S018', 'ICT2113', 'Practical', 'Present', '2025-03-12'),
(2019, 'S019', 'ICT2113', 'Practical', 'Absent', '2025-03-12'),
(2020, 'S020', 'ICT2113', 'Practical', 'Present', '2025-03-12'),
(2021, 'S001', 'ICT2113', 'Practical', 'Present', '2025-03-19'),
(2022, 'S002', 'ICT2113', 'Practical', 'Present', '2025-03-19'),
(2023, 'S003', 'ICT2113', 'Practical', 'Present', '2025-03-19'),
(2024, 'S004', 'ICT2113', 'Practical', 'Present', '2025-03-19'),
(2025, 'S005', 'ICT2113', 'Practical', 'Present', '2025-03-19'),
(2026, 'S006', 'ICT2113', 'Practical', 'Absent', '2025-03-19'),
(2027, 'S007', 'ICT2113', 'Practical', 'Present', '2025-03-19'),
(2028, 'S008', 'ICT2113', 'Practical', 'Present', '2025-03-19'),
(2029, 'S009', 'ICT2113', 'Practical', 'Absent', '2025-03-19'),
(2030, 'S010', 'ICT2113', 'Practical', 'Present', '2025-03-19'),
(2031, 'S011', 'ICT2113', 'Practical', 'Present', '2025-03-19'),
(2032, 'S012', 'ICT2113', 'Practical', 'Present', '2025-03-19'),
(2033, 'S013', 'ICT2113', 'Practical', 'Present', '2025-03-19'),
(2034, 'S014', 'ICT2113', 'Practical', 'Present', '2025-03-19'),
(2035, 'S015', 'ICT2113', 'Practical', 'Present', '2025-03-19'),
(2036, 'S016', 'ICT2113', 'Practical', 'Present', '2025-03-19'),
(2037, 'S017', 'ICT2113', 'Practical', 'Present', '2025-03-19'),
(2038, 'S018', 'ICT2113', 'Practical', 'Present', '2025-03-19'),
(2039, 'S019', 'ICT2113', 'Practical', 'Present', '2025-03-19'),
(2040, 'S020', 'ICT2113', 'Practical', 'Absent', '2025-03-19'),
(2041, 'S001', 'ICT2113', 'Practical', 'Present', '2025-03-26'),
(2042, 'S002', 'ICT2113', 'Practical', 'Present', '2025-03-26'),
(2043, 'S003', 'ICT2113', 'Practical', 'Present', '2025-03-26'),
(2044, 'S004', 'ICT2113', 'Practical', 'Absent', '2025-03-26'),
(2045, 'S005', 'ICT2113', 'Practical', 'Present', '2025-03-26'),
(2046, 'S006', 'ICT2113', 'Practical', 'Present', '2025-03-26'),
(2047, 'S007', 'ICT2113', 'Practical', 'Present', '2025-03-26'),
(2048, 'S008', 'ICT2113', 'Practical', 'Present', '2025-03-26'),
(2049, 'S009', 'ICT2113', 'Practical', 'Present', '2025-03-26'),
(2050, 'S010', 'ICT2113', 'Practical', 'Present', '2025-03-26'),
(2051, 'S011', 'ICT2113', 'Practical', 'Present', '2025-03-26'),
(2052, 'S012', 'ICT2113', 'Practical', 'Present', '2025-03-26'),
(2053, 'S013', 'ICT2113', 'Practical', 'Present', '2025-03-26'),
(2054, 'S014', 'ICT2113', 'Practical', 'Present', '2025-03-26'),
(2055, 'S015', 'ICT2113', 'Practical', 'Present', '2025-03-26'),
(2056, 'S016', 'ICT2113', 'Practical', 'Present', '2025-03-26'),
(2057, 'S017', 'ICT2113', 'Practical', 'Present', '2025-03-26'),
(2058, 'S018', 'ICT2113', 'Practical', 'Present', '2025-03-26'),
(2059, 'S019', 'ICT2113', 'Practical', 'Absent', '2025-03-26'),
(2060, 'S020', 'ICT2113', 'Practical', 'Present', '2025-03-26'),
(2061, 'S001', 'ICT2113', 'Practical', 'Present', '2025-04-02'),
(2062, 'S002', 'ICT2113', 'Practical', 'Absent', '2025-04-02'),
(2063, 'S003', 'ICT2113', 'Practical', 'Present', '2025-04-02'),
(2064, 'S004', 'ICT2113', 'Practical', 'Present', '2025-04-02'),
(2065, 'S005', 'ICT2113', 'Practical', 'Present', '2025-04-02'),
(2066, 'S006', 'ICT2113', 'Practical', 'Present', '2025-04-02'),
(2067, 'S007', 'ICT2113', 'Practical', 'Present', '2025-04-02'),
(2068, 'S008', 'ICT2113', 'Practical', 'Present', '2025-04-02'),
(2069, 'S009', 'ICT2113', 'Practical', 'Present', '2025-04-02'),
(2070, 'S010', 'ICT2113', 'Practical', 'Present', '2025-04-02'),
(2071, 'S011', 'ICT2113', 'Practical', 'Present', '2025-04-02'),
(2072, 'S012', 'ICT2113', 'Practical', 'Present', '2025-04-02'),
(2073, 'S013', 'ICT2113', 'Practical', 'Present', '2025-04-02'),
(2074, 'S014', 'ICT2113', 'Practical', 'Present', '2025-04-02'),
(2075, 'S015', 'ICT2113', 'Practical', 'Absent', '2025-04-02'),
(2076, 'S016', 'ICT2113', 'Practical', 'Present', '2025-04-02'),
(2077, 'S017', 'ICT2113', 'Practical', 'Present', '2025-04-02'),
(2078, 'S018', 'ICT2113', 'Practical', 'Present', '2025-04-02'),
(2079, 'S019', 'ICT2113', 'Practical', 'Present', '2025-04-02'),
(2080, 'S020', 'ICT2113', 'Practical', 'Absent', '2025-04-02'),
(2081, 'S001', 'ICT2113', 'Practical', 'Present', '2025-04-09'),
(2082, 'S002', 'ICT2113', 'Practical', 'Present', '2025-04-09'),
(2083, 'S003', 'ICT2113', 'Practical', 'Present', '2025-04-09'),
(2084, 'S004', 'ICT2113', 'Practical', 'Present', '2025-04-09'),
(2085, 'S005', 'ICT2113', 'Practical', 'Present', '2025-04-09'),
(2086, 'S006', 'ICT2113', 'Practical', 'Present', '2025-04-09'),
(2087, 'S007', 'ICT2113', 'Practical', 'Present', '2025-04-09'),
(2088, 'S008', 'ICT2113', 'Practical', 'Present', '2025-04-09'),
(2089, 'S009', 'ICT2113', 'Practical', 'Present', '2025-04-09'),
(2090, 'S010', 'ICT2113', 'Practical', 'Present', '2025-04-09'),
(2091, 'S011', 'ICT2113', 'Practical', 'Present', '2025-04-09'),
(2092, 'S012', 'ICT2113', 'Practical', 'Present', '2025-04-09'),
(2093, 'S013', 'ICT2113', 'Practical', 'Present', '2025-04-09'),
(2094, 'S014', 'ICT2113', 'Practical', 'Present', '2025-04-09'),
(2095, 'S015', 'ICT2113', 'Practical', 'Present', '2025-04-09'),
(2096, 'S016', 'ICT2113', 'Practical', 'Present', '2025-04-09'),
(2097, 'S017', 'ICT2113', 'Practical', 'Present', '2025-04-09'),
(2098, 'S018', 'ICT2113', 'Practical', 'Present', '2025-04-09'),
(2099, 'S019', 'ICT2113', 'Practical', 'Present', '2025-04-09');

UPDATE Atendance
SET Status = 'Medical'
WHERE Student_ID = 'S018'
  AND Course_ID = 'ICT2122'
  AND Status = 'Absent'
LIMIT 1;


INSERT INTO Marks
(Mark_id, Stu_id, Lec_id, Course_code, Assignment_01, Assignment_02, Quiz_01, Quiz_02, Quiz_03, Quiz_04, Mid_theory, Mid_practical, End_theory, End_practical)
VALUES
('M001', 'S001', 'Lec001', 'ICT2113', 80.00 , 90.00, 78.00, 82.00, 88.00, 00.00, 75.00, 80.00, 87.00, 92.00),
('M002', 'S002', 'Lec001', 'ICT2113', 00.00 , 00.00, 75.00, 50.00, 82.00, 00.00, 70.00, 88.00, 85.00, 90.00),
('M003', 'S003', 'Lec001', 'ICT2113', 00.00 , 00.00, 72.00, 82.00, 80.00, 00.00, 72.00, 81.00, 85.00, 90.00),
('M004', 'S004', 'Lec001', 'ICT2113', 00.00 , 00.00, 60.00, 56.00, 84.00, 00.00, 78.00, 87.00, 86.00, 93.00),
('M005', 'S005', 'Lec001', 'ICT2113', 00.00 , 00.00, 50.00, 60.00, 88.00, 00.00, 70.00, 82.00, 89.00, 68.00),
('M006', 'S006', 'Lec001', 'ICT2113', 00.00 , 00.00, 70.00, 75.00, 88.00, 00.00, 65.00, 75.00, 78.00, 78.00),
('M007', 'S007', 'Lec001', 'ICT2113', 00.00 , 00.00, 75.00, 81.00, 85.00, 00.00, 77.00, 81.00, 88.00, 90.00),
('M008', 'S008', 'Lec001', 'ICT2113', 00.00 , 00.00, 68.00, 72.00, 78.00, 00.00, 65.00, 70.00, 77.00, 82.00),
('M009', 'S009', 'Lec001', 'ICT2113', 00.00 , 00.00, 75.00, 81.00, 84.00, 00.00, 70.00, 86.00, 80.00, 90.00),
('M010', 'S010', 'Lec001', 'ICT2113', 00.00 , 00.00, 58.00, 81.00, 88.00, 00.00, 75.00, 80.00, 87.00, 92.00),
('M011', 'S011', 'Lec001', 'ICT2113', 00.00 , 00.00, 88.00, 82.00, 80.00, 00.00, 72.00, 83.00, 66.00, 75.00),
('M012', 'S012', 'Lec001', 'ICT2113', 00.00 , 00.00, 68.00, 80.00, 85.00, 00.00, 72.00, 81.00, 83.00, 91.00),
('M013', 'S013', 'Lec001', 'ICT2113', 00.00 , 00.00, 58.00, 81.00, 88.00, 00.00, 75.00, 80.00, 87.00, 92.00),
('M014', 'S014', 'Lec001', 'ICT2113', 00.00 , 00.00, 68.00, 78.00, 75.00, 00.00, 65.00, 81.00, 67.00, 88.00),
('M015', 'S015', 'Lec001', 'ICT2113', 00.00 , 00.00, 67.00, 81.00, 88.00, 00.00, 76.00, 80.00, 00.00, 00.00),
('M016', 'S016', 'Lec001', 'ICT2113', 00.00 , 00.00, 75.00, 80.00, 78.00, 00.00, 65.00, 88.00, 89.00, 75.00),
('M017', 'S017', 'Lec001', 'ICT2113', 00.00 , 00.00, 68.00, 71.00, 68.00, 00.00, 85.00, 80.00, 86.00, 91.00),
('M018', 'S018', 'Lec001', 'ICT2113', 00.00 , 00.00, 57.00, 91.00, 88.00, 00.00, 75.00, 81.00, 00.00, 00.00),
('M019', 'S019', 'Lec001', 'ICT2113', 00.00 , 00.00, 54.00, 80.00, 85.00, 00.00, 65.00, 70.00, 00.00, 00.00),
('M020', 'S020', 'Lec001', 'ICT2113', 00.00 , 00.00, 68.00, 80.00, 85.00, 00.00, 74.00, 81.00, 00.00, 00.00);


INSERT INTO Marks VALUES
	("M021","S001","Lec002","ICT2122",70.00, 80.00, 60.00, 80.00, 50.00, 80.00, 80.00, 00.00, 80.00, 00.00),
	("M022","S002","Lec002","ICT2122",80.00, 00.00, 70.00, 50.00, 90.00, 60.00, 70.00, 00.00, 75.00, 00.00),
	("M023","S003","Lec002","ICT2122",65.00, 00.00, 62.00, 73.00, 85.00, 92.00, 75.00, 00.00, 82.00, 00.00),
	("M024","S004","Lec002","ICT2122",45.00, 00.00, 71.00, 85.00, 89.00, 42.00, 65.00, 00.00, 00.00, 00.00),
	("M025","S005","Lec002","ICT2122",87.00, 00.00, 56.00, 70.00, 80.00, 92.00, 85.00, 00.00, 74.00, 00.00),
	("M026","S006","Lec002","ICT2122",92.00, 00.00, 64.00, 78.00, 67.00, 97.00, 71.00, 00.00, 82.00, 00.00),
	("M027","S007","Lec002","ICT2122",64.00, 00.00, 23.00, 70.00, 88.00, 89.00, 97.00, 00.00, 00.00, 00.00),
	("M028","S008","Lec002","ICT2122",69.00, 00.00, 78.00, 85.00, 52.00, 81.00, 87.00, 00.00, 00.00, 00.00),
	("M029","S009","Lec002","ICT2122",79.00, 00.00, 87.00, 76.00, 67.00, 93.00, 88.00, 00.00, 87.00, 00.00),
	("M030","S010","Lec002","ICT2122",73.00, 00.00, 67.00, 56.00, 45.00, 89.00, 78.00, 00.00, 85.00, 00.00),
	("M031","S011","Lec002","ICT2122",45.00, 00.00, 57.00, 83.00, 55.00, 75.00, 85.00, 00.00, 97.00, 00.00),
	("M032","S012","Lec002","ICT2122",32.00, 00.00, 86.00, 87.00, 45.00, 42.00, 81.00, 00.00, 78.00, 00.00),
	("M033","S013","Lec002","ICT2122",86.00, 00.00, 49.00, 54.00, 67.00, 86.00, 69.00, 00.00, 67.00, 00.00),
	("M034","S014","Lec002","ICT2122",62.00, 00.00, 96.00, 86.00, 43.00, 32.00, 88.00, 00.00, 83.00, 00.00),
	("M035","S015","Lec002","ICT2122",54.00, 00.00, 73.00, 67.00, 51.00, 72.00, 79.00, 00.00, 45.00, 00.00),
	("M036","S016","Lec002","ICT2122",84.00, 00.00, 77.00, 65.00, 67.00, 76.00, 87.00, 00.00, 89.00, 00.00),
	("M037","S017","Lec002","ICT2122",95.00, 00.00, 85.00, 88.00, 52.00, 84.00, 89.00, 00.00, 82.00, 00.00),
	("M038","S018","Lec002","ICT2122",43.00, 00.00, 39.00, 43.00, 78.00, 87.00, 89.00, 00.00, 00.00, 00.00),
	("M039","S019","Lec002","ICT2122",87.00, 00.00, 56.00, 84.00, 76.00, 67.00, 82.00, 00.00, 00.00, 00.00),
	("M040","S020","Lec002","ICT2122",90.00, 00.00, 66.00, 81.00, 54.00, 76.00, 81.00, 00.00, 00.00, 00.00);


INSERT INTO Marks
(Mark_id, Stu_id, Lec_id, Course_code, Assignment_01, Assignment_02, Quiz_01, Quiz_02, Quiz_03, Quiz_04, Mid_theory, Mid_practical, End_theory, End_practical)
VALUES
('M041', 'S001', 'Lec002', 'ICT2133', 60.00 , 70.00, 80.00, 82.00, 78.00, 90.00, 70.00, 60.00, 80.00, 92.00),
('M042', 'S002', 'Lec002', 'ICT2133', 60.00 , 70.00, 80.00, 82.00, 78.00, 00.00, 00.00, 00.00, 00.00, 92.00),
('M043', 'S003', 'Lec002', 'ICT2133', 60.00 , 75.00, 81.00, 72.00, 88.00, 00.00, 00.00, 00.00, 00.00, 82.00),
('M044', 'S004', 'Lec002', 'ICT2133', 80.00 , 60.00, 70.00, 62.00, 88.00, 00.00, 00.00, 00.00, 00.00, 72.00),
('M045', 'S005', 'Lec002', 'ICT2133', 70.00 , 71.00, 80.00, 82.00, 78.00, 00.00, 00.00, 00.00, 00.00, 62.00),
('M046', 'S006', 'Lec002', 'ICT2133', 80.00 , 81.00, 84.00, 83.00, 71.00, 00.00, 00.00, 00.00, 00.00, 82.00),
('M047', 'S007', 'Lec002', 'ICT2133', 71.00 , 71.00, 88.00, 72.00, 88.00, 00.00, 00.00, 00.00, 00.00, 72.00),
('M048', 'S008', 'Lec002', 'ICT2133', 70.00 , 78.00, 81.00, 82.00, 77.00, 00.00, 00.00, 00.00, 00.00, 92.00),
('M049', 'S009', 'Lec002', 'ICT2133', 80.00 , 60.00, 88.00, 81.00, 79.00, 00.00, 00.00, 00.00, 00.00, 72.00),
('M050', 'S010', 'Lec002', 'ICT2133', 60.00 , 70.00, 80.00, 82.00, 78.00, 00.00, 00.00, 00.00, 00.00, 92.00),
('M051', 'S011', 'Lec002', 'ICT2133', 70.00 , 71.00, 88.00, 82.00, 78.00, 00.00, 00.00, 00.00, 00.00, 92.00),
('M052', 'S012', 'Lec002', 'ICT2133', 60.00 , 75.00, 87.00, 83.00, 71.00, 00.00, 00.00, 00.00, 00.00, 62.00),
('M053', 'S013', 'Lec002', 'ICT2133', 65.00 , 78.00, 87.00, 83.00, 78.00, 00.00, 00.00, 00.00, 00.00, 94.00),
('M054', 'S014', 'Lec002', 'ICT2133', 64.00 , 71.00, 82.00, 83.00, 77.00, 00.00, 00.00, 00.00, 00.00, 93.00),
('M055', 'S015', 'Lec002', 'ICT2133', 60.00 , 70.00, 80.00, 82.00, 78.00, 00.00, 00.00, 00.00, 00.00, 92.00),
('M056', 'S016', 'Lec002', 'ICT2133', 78.00 , 78.00, 88.00, 83.00, 71.00, 00.00, 00.00, 00.00, 00.00, 82.00),
('M057', 'S017', 'Lec002', 'ICT2133', 62.00 , 71.00, 84.00, 81.00, 79.00, 00.00, 00.00, 00.00, 00.00, 00.00),
('M058', 'S018', 'Lec002', 'ICT2133', 70.00 , 70.00, 80.00, 82.00, 78.00, 00.00, 00.00, 00.00, 00.00, 00.00),
('M059', 'S019', 'Lec002', 'ICT2133', 60.00 , 79.00, 89.00, 83.00, 74.00, 00.00, 00.00, 00.00, 00.00, 00.00),
('M060', 'S020', 'Lec002', 'ICT2133', 80.00 , 81.00, 70.00, 72.00, 88.00, 00.00, 00.00, 00.00, 00.00, 62.00);

INSERT INTO Marks VALUES
	("M061","S001","Lec003","ICT2142",75.00, 60.00, 70.00, 80.00, 90.00, 70.00, 70.00, 85.00, 80.00, 90.00),
	("M062","S002","Lec003","ICT2142",60.00, 00.00, 00.00, 00.00, 00.00, 00.00, 00.00, 80.00, 00.00, 87.00),
	("M063","S003","Lec003","ICT2142",72.00, 00.00, 00.00, 00.00, 00.00, 00.00, 00.00, 78.00, 00.00, 00.00),
	("M064","S004","Lec003","ICT2142",64.00, 00.00, 00.00, 00.00, 00.00, 00.00, 00.00, 66.00, 00.00, 65.00),
	("M065","S005","Lec003","ICT2142",92.00, 00.00, 00.00, 00.00, 00.00, 00.00, 00.00, 70.00, 00.00, 76.00),
	("M066","S006","Lec003","ICT2142",95.00, 00.00, 00.00, 00.00, 00.00, 00.00, 00.00, 83.00, 00.00, 72.00),
	("M067","S007","Lec003","ICT2142",60.00, 00.00, 00.00, 00.00, 00.00, 00.00, 00.00, 89.00, 00.00, 68.00),
	("M068","S008","Lec003","ICT2142",25.00, 00.00, 00.00, 00.00, 00.00, 00.00, 00.00, 20.00, 00.00, 00.00),
	("M069","S009","Lec003","ICT2142",10.00, 00.00, 00.00, 00.00, 00.00, 00.00, 00.00, 25.00, 00.00, 00.00),
	("M070","S010","Lec003","ICT2142",82.00, 00.00, 00.00, 00.00, 00.00, 00.00, 00.00, 81.00, 00.00, 00.00),
	("M071","S011","Lec003","ICT2142",93.00, 00.00, 00.00, 00.00, 00.00, 00.00, 00.00, 82.00, 00.00, 81.00),
	("M072","S012","Lec003","ICT2142",95.00, 00.00, 00.00, 00.00, 00.00, 00.00, 00.00, 71.00, 00.00, 92.00),
	("M073","S013","Lec003","ICT2142",75.00, 00.00, 00.00, 00.00, 00.00, 00.00, 00.00, 78.00, 00.00, 73.00),
	("M074","S014","Lec003","ICT2142",62.00, 00.00, 00.00, 00.00, 00.00, 00.00, 00.00, 62.00, 00.00, 00.00),
	("M075","S015","Lec003","ICT2142",83.00, 00.00, 00.00, 00.00, 00.00, 00.00, 00.00, 67.00, 00.00, 87.00),
	("M076","S016","Lec003","ICT2142",90.00, 00.00, 00.00, 00.00, 00.00, 00.00, 00.00, 76.00, 00.00, 00.00),
	("M077","S017","Lec003","ICT2142",60.00, 00.00, 00.00, 00.00, 00.00, 00.00, 00.00, 67.00, 00.00, 73.00),
	("M078","S018","Lec003","ICT2142",62.00, 00.00, 00.00, 00.00, 00.00, 00.00, 00.00, 78.00, 00.00, 78.00),
	("M079","S019","Lec003","ICT2142",78.00, 00.00, 00.00, 00.00, 00.00, 00.00, 00.00, 81.00, 00.00, 00.00),
	("M080","S020","Lec003","ICT2142",72.00, 00.00, 00.00, 00.00, 00.00, 00.00, 00.00, 97.00, 00.00, 00.00);
INSERT INTO Marks
(Mark_id, Stu_id, Lec_id, Course_code, Assignment_01, Assignment_02, Quiz_01, Quiz_02, Quiz_03, Quiz_04, Mid_theory, Mid_practical, End_theory, End_practical)
VALUES
('M081', 'S001', 'Lec004', 'ICT2152', 60.00 , 70.00, 80.00, 82.00, 78.00, 80.00, 80.00, 80.00, 90.00, 00.00),
('M082', 'S002', 'Lec004', 'ICT2152', 65.00 , 75.00, 86.00, 83.00, 77.00, 00.00, 00.00, 00.00, 80.00, 00.00),
('M083', 'S003', 'Lec004', 'ICT2152', 67.00 , 74.00, 81.00, 80.00, 78.00, 00.00, 00.00, 00.00, 91.00, 00.00),
('M084', 'S004', 'Lec004', 'ICT2152', 78.00 , 75.00, 84.00, 82.00, 78.00, 00.00, 00.00, 00.00, 00.00, 00.00),
('M085', 'S005', 'Lec004', 'ICT2152', 70.00 , 08.00, 08.00, 02.00, 07.00, 00.00, 00.00, 00.00, 00.00, 00.00),
('M086', 'S006', 'Lec004', 'ICT2152', 68.00 , 79.00, 87.00, 83.00, 88.00, 00.00, 00.00, 00.00, 72.00, 00.00),
('M087', 'S007', 'Lec004', 'ICT2152', 80.00 , 71.00, 81.00, 82.00, 71.00, 00.00, 00.00, 00.00, 97.00, 00.00),
('M088', 'S008', 'Lec004', 'ICT2152', 65.00 , 74.00, 82.00, 81.00, 79.00, 00.00, 00.00, 00.00, 82.00, 00.00),
('M089', 'S009', 'Lec004', 'ICT2152', 62.00 , 78.00, 80.00, 86.00, 79.00, 00.00, 00.00, 00.00, 95.00, 00.00),
('M090', 'S010', 'Lec004', 'ICT2152', 64.00 , 74.00, 84.00, 82.00, 74.00, 00.00, 00.00, 00.00, 94.00, 00.00),
('M091', 'S011', 'Lec004', 'ICT2152', 68.00 , 78.00, 82.00, 81.00, 77.00, 00.00, 00.00, 00.00, 94.00, 00.00),
('M092', 'S012', 'Lec004', 'ICT2152', 60.00 , 74.00, 87.00, 72.00, 70.00, 00.00, 00.00, 00.00, 70.00, 00.00),
('M093', 'S013', 'Lec004', 'ICT2152', 72.00 , 78.00, 84.00, 81.00, 78.00, 00.00, 00.00, 00.00, 98.00, 00.00),
('M094', 'S014', 'Lec004', 'ICT2152', 67.00 , 77.00, 88.00, 86.00, 79.00, 00.00, 00.00, 00.00, 93.00, 00.00),
('M095', 'S015', 'Lec004', 'ICT2152', 68.00 , 74.00, 85.00, 82.00, 71.00, 00.00, 00.00, 00.00, 00.00, 00.00),
('M096', 'S016', 'Lec004', 'ICT2152', 69.00 , 79.00, 89.00, 81.00, 77.00, 00.00, 00.00, 00.00, 60.00, 00.00),
('M097', 'S017', 'Lec004', 'ICT2152', 64.00 , 77.00, 88.00, 83.00, 88.00, 00.00, 00.00, 00.00, 00.00, 00.00),
('M098', 'S018', 'Lec004', 'ICT2152', 70.00 , 71.00, 70.00, 72.00, 68.00, 00.00, 00.00, 00.00, 00.00, 00.00),
('M099', 'S019', 'Lec004', 'ICT2152', 22.00 , 20.00, 10.00, 10.00, 10.00, 00.00, 00.00, 00.00, 00.00, 00.00),
('M100', 'S020', 'Lec004', 'ICT2152', 20.00 , 25.00, 10.00, 08.00, 09.00, 00.00, 00.00, 00.00, 00.00, 00.00);

INSERT INTO Medical (Student_ID, Course_ID, Date, Reason, File_Name, File_Type, Status, TO_ID)
VALUES
('S015', 'ICT2122', '2025-01-02', 'Submitted medical certificate', 's015_20250102.jpg', 'image/jpeg', 'Approved', 'TO01'),
('S016', 'ICT2122', '2025-01-02', 'Submitted medical certificate', 's016_20250102.jpg', 'image/jpeg', 'Approved', 'TO01'),
('S017', 'ICT2122', '2025-01-16', 'Submitted medical certificate', 's017_20250116.jpg', 'image/jpeg', 'Approved', 'TO01'),
('S018', 'ICT2122', '2025-01-16', 'Submitted medical certificate', 's018_20250116.jpg', 'image/jpeg', 'Approved', 'TO01'),
('S015', 'ICT2122', '2025-01-30', 'Submitted medical certificate', 's015_20250130.jpg', 'image/jpeg', 'Approved', 'TO01'),
('S016', 'ICT2122', '2025-01-30', 'Submitted medical certificate', 's016_20250130.jpg', 'image/jpeg', 'Approved', 'TO01'),
('S016', 'ICT2122', '2025-04-03', 'Submitted medical certificate', 's016_20250403.jpg', 'image/jpeg', 'Approved', 'TO01'),
('S002', 'ICT2133', '2025-01-03', 'Submitted medical certificate', 's002_20250103.jpg', 'image/jpeg', 'Approved', 'TO01'),
('S002', 'ICT2133', '2025-01-10', 'Submitted medical certificate', 's002_20250110.jpg', 'image/jpeg', 'Approved', 'TO01'),
('S002', 'ICT2133', '2025-01-17', 'Submitted medical certificate', 's002_20250117.jpg', 'image/jpeg', 'Approved', 'TO01'),
('S002', 'ICT2133', '2025-02-28', 'Submitted medical certificate', 's002_20250228.jpg', 'image/jpeg', 'Approved', 'TO01'),
('S019', 'ICT2152', '2025-01-11', 'Submitted medical certificate', 's019_20250111.jpg', 'image/jpeg', 'Approved', 'TO01'),
('S019', 'ICT2152', '2025-02-01', 'Submitted medical certificate', 's019_20250201.jpg', 'image/jpeg', 'Approved', 'TO01'),
('S019', 'ICT2152', '2025-03-01', 'Submitted medical certificate', 's019_20250301.jpg', 'image/jpeg', 'Approved', 'TO01'),
('S019', 'ICT2152', '2025-04-05', 'Submitted medical certificate', 's019_20250405.jpg', 'image/jpeg', 'Approved', 'TO01');

INSERT INTO Timetable (Timetable_ID, Course_ID, Day, Start_Time, End_Time, Room, Lecturer_ID) VALUES
(1, 'ICT2113', 'Monday', '08:00:00', '10:00:00', 'LR101', 'L001'),
(2, 'ICT2122', 'Monday', '10:30:00', '12:30:00', 'LR102', 'L002'),
(3, 'ICT2133', 'Tuesday', '13:00:00', '15:00:00', 'LAB01', 'L003'),
(4, 'ICT2142', 'Wednesday', '09:00:00', '11:00:00', 'LR103', 'L004'),
(5, 'ICT2152', 'Thursday', '14:00:00', '16:00:00', 'LR104', 'L001'),
(6, 'ENG2122', 'Friday', '08:30:00', '10:30:00', 'LR105', 'L002'),
(7, 'ICT2113', 'Wednesday', '11:30:00', '13:30:00', 'LAB02', 'L001'),
(8, 'ICT2122', 'Thursday', '09:00:00', '11:00:00', 'LR106', 'L002'),
(9, 'ICT2133', 'Friday', '13:00:00', '15:00:00', 'LAB03', 'L003'),
(10, 'ICT2142', 'Tuesday', '10:00:00', '12:00:00', 'LR107', 'L004');